date,year,time,prelim_data,site,block,treatment,site_type,wetland_id,pair_id,temp,water,wind,species,method,in_wetland,25m,50m,total
05/15/2024,2024,6:15,1,HH02,4,cut-remove,wetland,HH02,UP02,,no,,BGGN,a,1,2,,2
05/15/2024,2024,6:15,1,HH02,4,cut-remove,wetland,HH02,UP02,,no,,NOCA,a,1,1,,1
05/15/2024,2024,6:15,1,HH02,4,cut-remove,wetland,HH02,UP02,,no,,COYE,a,0,,1,1
05/15/2024,2024,6:15,1,HH02,4,cut-remove,wetland,HH02,UP02,,no,,PIWA,a,0,,1,1
05/15/2024,2024,6:15,1,HH02,4,cut-remove,wetland,HH02,UP02,,no,,SUTA,a,0,,1,1
05/15/2024,2024,6:15,1,HH02,4,cut-remove,wetland,HH02,UP02,,no,,RHWO,v,1,,1,1
05/15/2024,2024,6:45,1,HH04,4,hack-squirt,wetland,HH04,UP04,,yes,,EATO,a,1,2,,2
05/15/2024,2024,6:45,1,HH04,4,hack-squirt,wetland,HH04,UP04,,yes,,NOCA,a,0,,1,1
05/15/2024,2024,6:45,1,HH04,4,hack-squirt,wetland,HH04,UP04,,yes,,COYE,a,1,,1,1
05/15/2024,2024,6:45,1,HH04,4,hack-squirt,wetland,HH04,UP04,,yes,,BGGN,a,0,,1,1
05/15/2024,2024,6:45,1,HH04,4,hack-squirt,wetland,HH04,UP04,,yes,,CARW,a,0,,1,1
05/15/2024,2024,7:25,1,HH07,4,cut-leave,wetland,HH07,UP07,,yes,,EAWP,a,0,,1,1
05/15/2024,2024,7:25,1,HH07,4,cut-leave,wetland,HH07,UP07,,yes,,PIWA,a,0,,1,1
05/15/2024,2024,7:25,1,HH07,4,cut-leave,wetland,HH07,UP07,,yes,,BGGN,a,0,1,,1
05/15/2024,2024,7:25,1,HH07,4,cut-leave,wetland,HH07,UP07,,yes,,CARW,a,0,,1,1
05/15/2024,2024,7:25,1,HH07,4,cut-leave,wetland,HH07,UP07,,yes,,COYE,a,0,,1,1
05/15/2024,2024,7:25,1,HH07,4,cut-leave,wetland,HH07,UP07,,yes,,NOCA,a,0,,1,1
05/15/2024,2024,7:25,1,HH07,4,cut-leave,wetland,HH07,UP07,,yes,,WBNU,a,1,1,,1
05/15/2024,2024,7:55,1,HH15,2,cut-remove,wetland,HH15,UP14,,yes,,NOCA,a,0,,1,1
05/15/2024,2024,7:55,1,HH15,2,cut-remove,wetland,HH15,UP14,,yes,,TUTI,a,1,1,,1
05/15/2024,2024,7:55,1,HH15,2,cut-remove,wetland,HH15,UP14,,yes,,EATO,a,0,,1,1
05/15/2024,2024,7:55,1,HH15,2,cut-remove,wetland,HH15,UP14,,yes,,CARW,a,0,,1,1
05/15/2024,2024,7:55,1,HH15,2,cut-remove,wetland,HH15,UP14,,yes,,OROR,a,0,1,,1
05/15/2024,2024,7:55,1,HH15,2,cut-remove,wetland,HH15,UP14,,yes,,BGGN,a,1,1,,1
05/15/2024,2024,7:55,1,HH15,2,cut-remove,wetland,HH15,UP14,,yes,,WBNU,a,0,,1,1
05/15/2024,2024,8:20,1,HH13,1,cut-leave,wetland,HH13,UP13,,no,,PIWA,a,0,,1,1
05/15/2024,2024,8:20,1,HH13,1,cut-leave,wetland,HH13,UP13,,no,,WBNU,a,0,,2,2
05/15/2024,2024,8:20,1,HH13,1,cut-leave,wetland,HH13,UP13,,no,,COYE,a,0,,1,1
05/15/2024,2024,8:20,1,HH13,1,cut-leave,wetland,HH13,UP13,,no,,CHSP,a,1,1,,1
05/15/2024,2024,8:20,1,HH13,1,cut-leave,wetland,HH13,UP13,,no,,BHNU,a,0,,1,1
05/15/2024,2024,8:20,1,HH13,1,cut-leave,wetland,HH13,UP13,,no,,CARW,a,0,,1,1
05/15/2024,2024,8:20,1,HH13,1,cut-leave,wetland,HH13,UP13,,no,,TUTI,a,0,,1,1
05/15/2024,2024,8:20,1,HH13,1,cut-leave,wetland,HH13,UP13,,no,,BACS,a,0,,1,1
05/15/2024,2024,8:20,1,HH13,1,cut-leave,wetland,HH13,UP13,,no,,INBU,a,1,,2,2
05/16/2024,2024,7:00,1,HH05,4,control,wetland,HH05,UP05,65,yes,4,NOCA,a,0,,1,1
05/16/2024,2024,7:00,1,HH05,4,control,wetland,HH05,UP05,65,yes,4,CARW,a,0,,1,1
05/16/2024,2024,7:00,1,HH05,4,control,wetland,HH05,UP05,65,yes,4,COYE,a,0,,1,1
05/16/2024,2024,7:00,1,HH05,4,control,wetland,HH05,UP05,65,yes,4,EATO,a,0,,1,1
05/16/2024,2024,7:00,1,HH05,4,control,wetland,HH05,UP05,65,yes,4,TUTI,a,0,,1,1
05/16/2024,2024,7:00,1,HH05,4,control,wetland,HH05,UP05,65,yes,4,EAKI,v,1,2,,2
05/16/2024,2024,7:00,1,HH05,4,control,wetland,HH05,UP05,65,yes,4,EAWP,a,0,,1,1
05/16/2024,2024,7:35,1,HH17,2,cut-leave,wetland,HH17,UP17,67,no,4,BGGN,a,0,,1,1
05/16/2024,2024,7:35,1,HH17,2,cut-leave,wetland,HH17,UP17,67,no,4,CARW,a,0,,1,1
05/16/2024,2024,7:35,1,HH17,2,cut-leave,wetland,HH17,UP17,67,no,4,PIWA,a,0,1,,1
05/16/2024,2024,7:35,1,HH17,2,cut-leave,wetland,HH17,UP17,67,no,4,EATO,a,0,,1,1
05/16/2024,2024,7:35,1,HH17,2,cut-leave,wetland,HH17,UP17,67,no,4,WBNU,a,0,,1,1
05/16/2024,2024,7:35,1,HH17,2,cut-leave,wetland,HH17,UP17,67,no,4,GCFL,a,0,,2,2
05/16/2024,2024,7:35,1,HH17,2,cut-leave,wetland,HH17,UP17,67,no,4,CACH,v,1,1,,1
05/16/2024,2024,7:35,1,HH17,2,cut-leave,wetland,HH17,UP17,67,no,4,COYE,a,0,,1,1
05/16/2024,2024,7:35,1,HH17,2,cut-leave,wetland,HH17,UP17,67,no,4,KILL,v,0,1,,1
05/16/2024,2024,7:35,1,HH17,2,cut-leave,wetland,HH17,UP17,67,no,4,DOWO,a,0,,1,1
05/16/2024,2024,8:00,1,HH22,2,hack-squirt,wetland,HH22,UP22,68,yes,4,COYE,a,0,,1,1
05/16/2024,2024,8:00,1,HH22,2,hack-squirt,wetland,HH22,UP22,68,yes,4,GCFL,a,0,,1,1
05/16/2024,2024,8:00,1,HH22,2,hack-squirt,wetland,HH22,UP22,68,yes,4,NOCA,a,0,,1,1
05/16/2024,2024,8:00,1,HH22,2,hack-squirt,wetland,HH22,UP22,68,yes,4,EAWP,a,0,,1,1
05/16/2024,2024,8:00,1,HH22,2,hack-squirt,wetland,HH22,UP22,68,yes,4,CARW,a,0,,1,1
05/16/2024,2024,8:00,1,HH22,2,hack-squirt,wetland,HH22,UP22,68,yes,4,WBNU,a,0,,1,1
05/16/2024,2024,8:25,1,HH32,1,control,wetland,HH32,UP32,70,no,5,NOCA,a,0,,1,1
05/16/2024,2024,8:25,1,HH32,1,control,wetland,HH32,UP32,70,no,5,BGGN,v,1,1,,1
05/16/2024,2024,8:25,1,HH32,1,control,wetland,HH32,UP32,70,no,5,EAWP,a,0,,1,1
05/16/2024,2024,8:25,1,HH32,1,control,wetland,HH32,UP32,70,no,5,RHWO,v,1,1,1,2
05/16/2024,2024,8:50,1,HH45,7,control,wetland,HH45,UP45,71,no,5,COYE,a,0,1,1,2
05/16/2024,2024,8:50,1,HH45,7,control,wetland,HH45,UP45,71,no,5,PIWA,a,0,,1,1
05/16/2024,2024,8:50,1,HH45,7,control,wetland,HH45,UP45,71,no,5,GCFL,a,0,,1,1
05/16/2024,2024,8:50,1,HH45,7,control,wetland,HH45,UP45,71,no,5,BGGN,a,0,,1,1
05/16/2024,2024,8:50,1,HH45,7,control,wetland,HH45,UP45,71,no,5,INBU,a,0,,1,1
05/16/2024,2024,8:50,1,HH45,7,control,wetland,HH45,UP45,71,no,5,EAKI,a,0,,1,1
05/16/2024,2024,8:50,1,HH45,7,control,wetland,HH45,UP45,71,no,5,EATO,a,0,,1,1
05/20/2024,2024,6:45,0,HH13,1,cut-leave,wetland,HH13,UP13,64,no,2,COYE,a,0,,1,1
05/20/2024,2024,6:45,0,HH13,1,cut-leave,wetland,HH13,UP13,64,no,2,EATO,a,0,,1,1
05/20/2024,2024,6:45,0,HH13,1,cut-leave,wetland,HH13,UP13,64,no,2,SUTA,a,0,,1,1
05/20/2024,2024,7:15,0,UP17,2,none,upland,UP17,HH17,65,no,2.1,EAWP,a,,,1,1
05/20/2024,2024,7:15,0,UP17,2,none,upland,UP17,HH17,65,no,2.1,NOMO,a,,,1,1
05/20/2024,2024,7:15,0,UP17,2,none,upland,UP17,HH17,65,no,2.1,PIWA,a,,,1,1
05/20/2024,2024,7:15,0,UP17,2,none,upland,UP17,HH17,65,no,2.1,EATO,a,,,1,1
05/20/2024,2024,7:15,0,UP17,2,none,upland,UP17,HH17,65,no,2.1,NOCA,a,,,1,1
05/20/2024,2024,7:15,0,UP17,2,none,upland,UP17,HH17,65,no,2.1,BGGN,a,,,1,1
05/20/2024,2024,7:15,0,UP17,2,none,upland,UP17,HH17,65,no,2.1,INBU,a,,,1,1
05/20/2024,2024,7:15,0,UP17,2,none,upland,UP17,HH17,65,no,2.1,PUMA,a,,,1,1
05/20/2024,2024,7:45,0,UP45,7,none,upland,UP45,HH45,65,no,2.8,NOCA,a,,,1,1
05/20/2024,2024,7:45,0,UP45,7,none,upland,UP45,HH45,65,no,2.8,EATO,a,,,1,1
05/20/2024,2024,7:45,0,UP45,7,none,upland,UP45,HH45,65,no,2.8,PIWA,a,,,1,1
05/20/2024,2024,7:45,0,UP45,7,none,upland,UP45,HH45,65,no,2.8,EAWP,a,,,1,1
05/20/2024,2024,7:45,0,UP45,7,none,upland,UP45,HH45,65,no,2.8,BGGN,a,,,1,1
05/20/2024,2024,7:45,0,UP45,7,none,upland,UP45,HH45,65,no,2.8,CARW,a,,,1,1
05/20/2024,2024,8:05,0,HH15,2,cut-remove,wetland,HH15,UP15,66,no,1.4,BGGN,v,1,2,,2
05/20/2024,2024,8:05,0,HH15,2,cut-remove,wetland,HH15,UP15,66,no,1.4,NOCA,a,0,,1,1
05/20/2024,2024,8:05,0,HH15,2,cut-remove,wetland,HH15,UP15,66,no,1.4,TUTI,a,1,1,,1
05/20/2024,2024,8:05,0,HH15,2,cut-remove,wetland,HH15,UP15,66,no,1.4,EAWP,a,0,,1,1
05/20/2024,2024,8:25,0,UP48,7,none,upland,UP48,HH48,67,no,2.2,BGGN,a,,1,,1
05/20/2024,2024,8:25,0,UP48,7,none,upland,UP48,HH48,67,no,2.2,NOFL,a,,,1,1
05/20/2024,2024,8:25,0,UP48,7,none,upland,UP48,HH48,67,no,2.2,LAGU,a,,1,,1
05/20/2024,2024,8:25,0,UP48,7,none,upland,UP48,HH48,67,no,2.2,TUTI,a,,1,,1
05/20/2024,2024,8:25,0,UP48,7,none,upland,UP48,HH48,67,no,2.2,RBWO,a,,1,,1
05/20/2024,2024,8:45,0,UP05,4,none,upland,UP05,HH05,67,no,3.3,COYE,a,,,1,1
05/20/2024,2024,8:45,0,UP05,4,none,upland,UP05,HH05,67,no,3.3,PIWA,a,,,1,1
05/20/2024,2024,8:45,0,UP05,4,none,upland,UP05,HH05,67,no,3.3,CARW,a,,,1,1
05/20/2024,2024,8:45,0,UP05,4,none,upland,UP05,HH05,67,no,3.3,EAWP,a,,,1,1
05/20/2024,2024,8:45,0,UP05,4,none,upland,UP05,HH05,67,no,3.3,EAKI,a,,1,,1
05/20/2024,2024,8:45,0,UP05,4,none,upland,UP05,HH05,67,no,3.3,TUTI,a,,1,,1
05/21/2024,2024,6:55,0,HH50,3,cut-remove,wetland,HH50,UP50,63,no,0,SUTA,a,1,,1,1
05/21/2024,2024,6:55,0,HH50,3,cut-remove,wetland,HH50,UP50,63,no,0,EAWP,a,1,,1,1
05/21/2024,2024,6:55,0,HH50,3,cut-remove,wetland,HH50,UP50,63,no,0,INBU,a,0,,1,1
05/21/2024,2024,6:55,0,HH50,3,cut-remove,wetland,HH50,UP50,63,no,0,NOMO,a,0,,1,1
05/21/2024,2024,6:55,0,HH50,3,cut-remove,wetland,HH50,UP50,63,no,0,EATO,a,0,,1,1
05/21/2024,2024,6:55,0,HH50,3,cut-remove,wetland,HH50,UP50,63,no,0,PIWO,a,0,,1,1
05/21/2024,2024,6:55,0,HH50,3,cut-remove,wetland,HH50,UP50,63,no,0,RBWO,a,0,1,,1
05/21/2024,2024,6:55,0,HH50,3,cut-remove,wetland,HH50,UP50,63,no,0,NOCA,a,0,,1,1
05/21/2024,2024,6:55,0,HH50,3,cut-remove,wetland,HH50,UP50,63,no,0,BGGN,a,1,,1,1
05/21/2024,2024,6:55,0,HH50,3,cut-remove,wetland,HH50,UP50,63,no,0,CHSP,a,0,,1,1
05/21/2024,2024,6:55,0,HH50,3,cut-remove,wetland,HH50,UP50,63,no,0,SUTA,a,0,,1,1
05/21/2024,2024,7:15,0,HH33,1,hack-squirt,wetland,HH33,UP33,63,no,1.5,EAWP,a,0,,1,1
05/21/2024,2024,7:15,0,HH33,1,hack-squirt,wetland,HH33,UP33,63,no,1.5,TUTI,a,1,1,,1
05/21/2024,2024,7:15,0,HH33,1,hack-squirt,wetland,HH33,UP33,63,no,1.5,PIWA,a,0,,1,1
05/21/2024,2024,7:15,0,HH33,1,hack-squirt,wetland,HH33,UP33,63,no,1.5,NOCA,a,0,,1,1
05/21/2024,2024,7:15,0,HH33,1,hack-squirt,wetland,HH33,UP33,63,no,1.5,BGGN,a,0,,1,1
05/21/2024,2024,7:15,0,HH33,1,hack-squirt,wetland,HH33,UP33,63,no,1.5,EATO,a,0,,1,1
05/21/2024,2024,7:15,0,HH33,1,hack-squirt,wetland,HH33,UP33,63,no,1.5,GCFL,a,0,,1,1
05/21/2024,2024,7:35,0,UP22,2,none,upland,UP22,HH22,64,no,3,BGGN,a,,1,,1
05/21/2024,2024,7:35,0,UP22,2,none,upland,UP22,HH22,64,no,3,CHSP,a,,,1,1
05/21/2024,2024,7:35,0,UP22,2,none,upland,UP22,HH22,64,no,3,GCFL,a,,,1,1
05/21/2024,2024,7:35,0,UP22,2,none,upland,UP22,HH22,64,no,3,COYE,a,,,1,1
05/21/2024,2024,7:35,0,UP22,2,none,upland,UP22,HH22,64,no,3,NOCA,a,,,1,1
05/21/2024,2024,7:35,0,UP22,2,none,upland,UP22,HH22,64,no,3,KILL,v,,1,,1
05/21/2024,2024,7:35,0,UP22,2,none,upland,UP22,HH22,64,no,3,NOMO,a,,,1,1
05/21/2024,2024,7:35,0,UP22,2,none,upland,UP22,HH22,64,no,3,EABL,a,,,1,1
05/21/2024,2024,7:55,0,UP13,1,none,upland,UP13,HH13,66,no,1.2,BGGN,a,,1,,1
05/21/2024,2024,7:55,0,UP13,1,none,upland,UP13,HH13,66,no,1.2,CARW,a,,,1,1
05/21/2024,2024,7:55,0,UP13,1,none,upland,UP13,HH13,66,no,1.2,COYE,a,,,3,3
05/21/2024,2024,7:55,0,UP13,1,none,upland,UP13,HH13,66,no,1.2,RBWO,a,,1,,1
05/21/2024,2024,7:55,0,UP13,1,none,upland,UP13,HH13,66,no,1.2,TUTI,a,,,1,1
05/21/2024,2024,7:55,0,UP13,1,none,upland,UP13,HH13,66,no,1.2,EAWP,a,,,1,1
05/21/2024,2024,8:15,0,UP50,3,none,upland,UP50,HH50,66,no,1.2,CARW,a,,3,,3
05/21/2024,2024,8:15,0,UP50,3,none,upland,UP50,HH50,66,no,1.2,EAWP,a,,,1,1
05/21/2024,2024,8:15,0,UP50,3,none,upland,UP50,HH50,66,no,1.2,PIWA,a,,2,,2
05/21/2024,2024,8:15,0,UP50,3,none,upland,UP50,HH50,66,no,1.2,TUTI,a,,1,,1
05/21/2024,2024,8:15,0,UP50,3,none,upland,UP50,HH50,66,no,1.2,NOCA,a,,,1,1
05/21/2024,2024,8:15,0,UP50,3,none,upland,UP50,HH50,66,no,1.2,BACS,a,,,1,1
05/21/2024,2024,8:15,0,UP50,3,none,upland,UP50,HH50,66,no,1.2,WBNU,a,,,1,1
05/21/2024,2024,8:15,0,UP50,3,none,upland,UP50,HH50,66,no,1.2,COYE,a,,,1,1
05/21/2024,2024,8:15,0,UP50,3,none,upland,UP50,HH50,66,no,1.2,EATO,a,,,1,1
05/21/2024,2024,8:35,0,HH45,7,control-open,wetland,HH45,UP45,68,no,0,COYE,a,1,1,,1
05/21/2024,2024,8:35,0,HH45,7,control-open,wetland,HH45,UP45,68,no,0,EAWP,a,0,,1,1
05/21/2024,2024,8:35,0,HH45,7,control-open,wetland,HH45,UP45,68,no,0,EATO,a,0,1,,1
05/21/2024,2024,8:35,0,HH45,7,control-open,wetland,HH45,UP45,68,no,0,BHCO,a,1,1,,1
05/21/2024,2024,8:35,0,HH45,7,control-open,wetland,HH45,UP45,68,no,0,LAGU,v,1,4,,4
05/21/2024,2024,8:35,0,HH45,7,control-open,wetland,HH45,UP45,68,no,0,REVI,a,0,1,,1
05/21/2024,2024,8:35,0,HH45,7,control-open,wetland,HH45,UP45,68,no,0,NOCA,a,0,,1,1
05/21/2024,2024,8:35,0,HH45,7,control-open,wetland,HH45,UP45,68,no,0,BGGN,a,0,1,,1
05/22/2024,2024,6:30,0,HH02,4,cut-leave,wetland,HH02,UP02,63,no,0,EATO,a,1,1,,1
05/22/2024,2024,6:30,0,HH02,4,cut-leave,wetland,HH02,UP02,63,no,0,BGGN,a,1,1,,1
05/22/2024,2024,6:30,0,HH02,4,cut-leave,wetland,HH02,UP02,63,no,0,SUTA,a,0,,1,1
05/22/2024,2024,6:30,0,HH02,4,cut-leave,wetland,HH02,UP02,63,no,0,PIWA,a,0,,1,1
05/22/2024,2024,7:00,0,HH32,1,control-closed,wetland,HH32,UP32,63,no,0,EAWP,a,0,,1,1
05/22/2024,2024,7:00,0,HH32,1,control-closed,wetland,HH32,UP32,63,no,0,EABL,a,1,2,,2
05/22/2024,2024,7:00,0,HH32,1,control-closed,wetland,HH32,UP32,63,no,0,CARW,a,0,,1,1
05/22/2024,2024,7:00,0,HH32,1,control-closed,wetland,HH32,UP32,63,no,0,BGGN,a,1,1,,1
05/22/2024,2024,7:00,0,HH32,1,control-closed,wetland,HH32,UP32,63,no,0,RWBL,a,1,1,,1
05/22/2024,2024,7:00,0,HH32,1,control-closed,wetland,HH32,UP32,63,no,0,GCFL,a,1,1,,1
05/22/2024,2024,7:00,0,HH32,1,control-closed,wetland,HH32,UP32,63,no,0,COYE,a,0,,1,1
05/22/2024,2024,7:00,0,HH32,1,control-closed,wetland,HH32,UP32,63,no,0,BHNU,a,1,1,,1
05/22/2024,2024,7:20,0,UP33,1,none,upland,UP33,HH33,68,no,0.8,PIWA,a,,,2,2
05/22/2024,2024,7:20,0,UP33,1,none,upland,UP33,HH33,68,no,0.8,EAWP,a,,,1,1
05/22/2024,2024,7:20,0,UP33,1,none,upland,UP33,HH33,68,no,0.8,EABL,a,,,2,2
05/22/2024,2024,7:20,0,UP33,1,none,upland,UP33,HH33,68,no,0.8,SUTA,a,,,1,1
05/22/2024,2024,7:20,0,UP33,1,none,upland,UP33,HH33,68,no,0.8,DOWO,a,,,1,1
05/22/2024,2024,7:35,0,HH34,1,control-open,wetland,HH34,UP34,65,no,0,EABL,a,0,,1,1
05/22/2024,2024,7:35,0,HH34,1,control-open,wetland,HH34,UP34,65,no,0,BGGN,a,0,,1,1
05/22/2024,2024,7:35,0,HH34,1,control-open,wetland,HH34,UP34,65,no,0,CHSP,a,0,,1,1
05/22/2024,2024,7:35,0,HH34,1,control-open,wetland,HH34,UP34,65,no,0,COYE,a,0,,1,1
05/22/2024,2024,7:35,0,HH34,1,control-open,wetland,HH34,UP34,65,no,0,BACS,a,0,,1,1
05/22/2024,2024,7:35,0,HH34,1,control-open,wetland,HH34,UP34,65,no,0,GCFL,a,0,,1,1
05/22/2024,2024,7:50,0,UP34,1,none,upland,UP34,HH34,65,no,0,BACS,a,,,1,1
05/22/2024,2024,7:50,0,UP34,1,none,upland,UP34,HH34,65,no,0,GCFL,a,,,1,1
05/22/2024,2024,7:50,0,UP34,1,none,upland,UP34,HH34,65,no,0,COYE,a,,,1,1
05/22/2024,2024,7:50,0,UP34,1,none,upland,UP34,HH34,65,no,0,CHSP,a,,,2,2
05/22/2024,2024,7:50,0,UP34,1,none,upland,UP34,HH34,65,no,0,PIWA,a,,,1,1
05/22/2024,2024,7:50,0,UP34,1,none,upland,UP34,HH34,65,no,0,EAWP,a,,,1,1
05/22/2024,2024,7:50,0,UP34,1,none,upland,UP34,HH34,65,no,0,EABL,a,,,1,1
05/22/2024,2024,7:50,0,UP34,1,none,upland,UP34,HH34,65,no,0,TUTI,a,,,1,1
05/22/2024,2024,7:50,0,UP34,1,none,upland,UP34,HH34,65,no,0,BGGN,a,,,1,1
05/22/2024,2024,7:50,0,UP34,1,none,upland,UP34,HH34,65,no,0,RBWO,a,,,1,1
05/22/2024,2024,8:10,0,HH04,4,hack-squirt,wetland,HH04,UP04,67,yes,0,NOCA,a,0,1,,1
05/22/2024,2024,8:10,0,HH04,4,hack-squirt,wetland,HH04,UP04,67,yes,0,TUTI,a,1,1,,1
05/22/2024,2024,8:10,0,HH04,4,hack-squirt,wetland,HH04,UP04,67,yes,0,GCFL,a,0,,1,1
05/22/2024,2024,8:10,0,HH04,4,hack-squirt,wetland,HH04,UP04,67,yes,0,BGGN,a,1,1,,1
05/22/2024,2024,8:10,0,HH04,4,hack-squirt,wetland,HH04,UP04,67,yes,0,INBU,a,0,,1,1
05/22/2024,2024,8:10,0,HH04,4,hack-squirt,wetland,HH04,UP04,67,yes,0,EATO,a,1,1,,1
05/22/2024,2024,8:10,0,HH04,4,hack-squirt,wetland,HH04,UP04,67,yes,0,COYE,a,0,,1,1
05/22/2024,2024,8:30,0,UP14,2,none,upland,UP14,HH14,67,no,2.3,PIWA,a,,2,,2
05/22/2024,2024,8:30,0,UP14,2,none,upland,UP14,HH14,67,no,2.3,COYE,a,,1,,1
05/22/2024,2024,8:30,0,UP14,2,none,upland,UP14,HH14,67,no,2.3,EABL,a,,,2,2
05/22/2024,2024,8:30,0,UP14,2,none,upland,UP14,HH14,67,no,2.3,KILL,a,,,1,1
05/22/2024,2024,8:30,0,UP14,2,none,upland,UP14,HH14,67,no,2.3,BACS,a,,,1,1
05/22/2024,2024,8:30,0,UP14,2,none,upland,UP14,HH14,67,no,2.3,CHSP,a,,,1,1
05/22/2024,2024,8:45,0,HH22,2,hack-squirt,wetland,HH22,UP22,70,no,0.8,WBNU,a,0,,1,1
05/22/2024,2024,8:45,0,HH22,2,hack-squirt,wetland,HH22,UP22,70,no,0.8,EATO,a,0,,1,1
05/22/2024,2024,8:45,0,HH22,2,hack-squirt,wetland,HH22,UP22,70,no,0.8,SUTA,a,0,,1,1
05/22/2024,2024,8:45,0,HH22,2,hack-squirt,wetland,HH22,UP22,70,no,0.8,PIWA,a,0,,1,1
05/22/2024,2024,8:45,0,HH22,2,hack-squirt,wetland,HH22,UP22,70,no,0.8,CARW,a,0,,1,1
05/22/2024,2024,8:45,0,HH22,2,hack-squirt,wetland,HH22,UP22,70,no,0.8,RBWO,a,0,,2,2
05/22/2024,2024,8:45,0,HH22,2,hack-squirt,wetland,HH22,UP22,70,no,0.8,COYE,a,0,,1,1
05/22/2024,2024,8:45,0,HH22,2,hack-squirt,wetland,HH22,UP22,70,no,0.8,BGGN,a,1,1,,1
05/22/2024,2024,9:00,0,UP04,4,none,upland,UP04,HH04,71,no,1.6,COYE,a,,,2,2
05/22/2024,2024,9:00,0,UP04,4,none,upland,UP04,HH04,71,no,1.6,PIWA,a,,1,,1
05/22/2024,2024,9:00,0,UP04,4,none,upland,UP04,HH04,71,no,1.6,NOCA,a,,,3,3
05/22/2024,2024,9:00,0,UP04,4,none,upland,UP04,HH04,71,no,1.6,BACS,a,,1,,1
05/22/2024,2024,9:00,0,UP04,4,none,upland,UP04,HH04,71,no,1.6,INBU,a,,2,,2
05/22/2024,2024,9:00,0,UP04,4,none,upland,UP04,HH04,71,no,1.6,EABL,a,,1,,1
05/22/2024,2024,9:00,0,UP04,4,none,upland,UP04,HH04,71,no,1.6,EATO,a,,2,,2
05/22/2024,2024,9:00,0,UP04,4,none,upland,UP04,HH04,71,no,1.6,GCFL,a,,,1,1
05/23/2024,2024,6:55,0,UP07,4,none,upland,UP07,HH07,68,no,0,CARW,a,,,1,1
05/23/2024,2024,6:55,0,UP07,4,none,upland,UP07,HH07,68,no,0,BHNU,a,,1,,1
05/23/2024,2024,6:55,0,UP07,4,none,upland,UP07,HH07,68,no,0,BGGN,a,,2,,2
05/23/2024,2024,6:55,0,UP07,4,none,upland,UP07,HH07,68,no,0,TUTI,a,,3,,3
05/23/2024,2024,6:55,0,UP07,4,none,upland,UP07,HH07,68,no,0,RBWO,a,,,2,2
05/23/2024,2024,6:55,0,UP07,4,none,upland,UP07,HH07,68,no,0,NOCA,a,,,2,2
05/23/2024,2024,6:55,0,UP07,4,none,upland,UP07,HH07,68,no,0,BACS,a,,,1,1
05/23/2024,2024,6:55,0,UP07,4,none,upland,UP07,HH07,68,no,0,EAWP,a,,,1,1
05/23/2024,2024,6:55,0,UP07,4,none,upland,UP07,HH07,68,no,0,COYE,a,,,1,1
05/23/2024,2024,7:15,0,UP02,4,none,upland,UP02,HH02,69,no,0,PIWA,a,,2,,2
05/23/2024,2024,7:15,0,UP02,4,none,upland,UP02,HH02,69,no,0,COYE,a,,,1,1
05/23/2024,2024,7:15,0,UP02,4,none,upland,UP02,HH02,69,no,0,EAWP,a,,,1,1
05/23/2024,2024,7:15,0,UP02,4,none,upland,UP02,HH02,69,no,0,SUTA,a,,1,,1
05/23/2024,2024,7:15,0,UP02,4,none,upland,UP02,HH02,69,no,0,INBU,a,,2,,2
05/23/2024,2024,7:15,0,UP02,4,none,upland,UP02,HH02,69,no,0,CHSP,a,,,1,1
05/23/2024,2024,7:15,0,UP02,4,none,upland,UP02,HH02,69,no,0,BACS,a,,,1,1
05/23/2024,2024,7:15,0,UP02,4,none,upland,UP02,HH02,69,no,0,GCFL,a,,1,,1
05/23/2024,2024,7:15,0,UP02,4,none,upland,UP02,HH02,69,no,0,NOCA,a,,,1,1
05/23/2024,2024,7:15,0,UP02,4,none,upland,UP02,HH02,69,no,0,PIWO,a,,,1,1
05/23/2024,2024,7:30,0,HH14,1,cut-remove,wetland,HH14,UP14,70,no,0,BACS,a,0,,1,1
05/23/2024,2024,7:30,0,HH14,1,cut-remove,wetland,HH14,UP14,70,no,0,CACH,a,0,,1,1
05/23/2024,2024,7:30,0,HH14,1,cut-remove,wetland,HH14,UP14,70,no,0,OROR,a,0,,1,1
05/23/2024,2024,7:30,0,HH14,1,cut-remove,wetland,HH14,UP14,70,no,0,CARW,a,0,,1,1
05/23/2024,2024,7:30,0,HH14,1,cut-remove,wetland,HH14,UP14,70,no,0,TUTI,a,0,1,,1
05/23/2024,2024,7:30,0,HH14,1,cut-remove,wetland,HH14,UP14,70,no,0,NOMO,a,0,,1,1
05/23/2024,2024,7:30,0,HH14,1,cut-remove,wetland,HH14,UP14,70,no,0,BLJA,a,0,,1,1
05/23/2024,2024,7:30,0,HH14,1,cut-remove,wetland,HH14,UP14,70,no,0,PIWA,a,0,,1,1
05/23/2024,2024,7:30,0,HH14,1,cut-remove,wetland,HH14,UP14,70,no,0,REVI,a,0,1,,1
05/23/2024,2024,7:30,0,HH14,1,cut-remove,wetland,HH14,UP14,70,no,0,RBWO,a,0,,1,1
05/23/2024,2024,7:45,0,UP49,7,none,upland,UP49,HH49,71,no,0,INBU,a,,2,,2
05/23/2024,2024,7:45,0,UP49,7,none,upland,UP49,HH49,71,no,0,NOCA,a,,1,,1
05/23/2024,2024,7:45,0,UP49,7,none,upland,UP49,HH49,71,no,0,GCFL,a,,,1,1
05/23/2024,2024,7:45,0,UP49,7,none,upland,UP49,HH49,71,no,0,EAWP,a,,1,,1
05/23/2024,2024,7:45,0,UP49,7,none,upland,UP49,HH49,71,no,0,BACS,a,,,1,1
05/23/2024,2024,7:45,0,UP49,7,none,upland,UP49,HH49,71,no,0,WEVI,a,,2,,2
05/23/2024,2024,7:45,0,UP49,7,none,upland,UP49,HH49,71,no,0,RBWO,a,,1,,1
05/23/2024,2024,7:45,0,UP49,7,none,upland,UP49,HH49,71,no,0,CARW,a,,1,,1
05/23/2024,2024,7:45,0,UP49,7,none,upland,UP49,HH49,71,no,0,SUTA,a,,1,,1
05/23/2024,2024,7:45,0,UP49,7,none,upland,UP49,HH49,71,no,0,BLJA,a,,,1,1
05/23/2024,2024,8:05,0,HH05,4,control-open,wetland,HH05,UP05,73,yes,0,CARW,a,0,1,,1
05/23/2024,2024,8:05,0,HH05,4,control-open,wetland,HH05,UP05,73,yes,0,NOCA,a,0,,1,1
05/23/2024,2024,8:05,0,HH05,4,control-open,wetland,HH05,UP05,73,yes,0,BACS,a,0,,1,1
05/23/2024,2024,8:05,0,HH05,4,control-open,wetland,HH05,UP05,73,yes,0,RBWO,a,0,1,,1
05/23/2024,2024,8:05,0,HH05,4,control-open,wetland,HH05,UP05,73,yes,0,BGGN,a,0,1,,1
05/23/2024,2024,8:05,0,HH05,4,control-open,wetland,HH05,UP05,73,yes,0,COYE,a,0,2,,2
05/23/2024,2024,8:05,0,HH05,4,control-open,wetland,HH05,UP05,73,yes,0,WEVI,a,0,,1,1
05/23/2024,2024,8:05,0,HH05,4,control-open,wetland,HH05,UP05,73,yes,0,TUTI,a,0,1,,1
05/23/2024,2024,8:05,0,HH05,4,control-open,wetland,HH05,UP05,73,yes,0,EAWP,a,0,,1,1
05/23/2024,2024,8:25,0,HH49,7,hack-squirt,wetland,HH49,UP49,74,yes,0,EAWP,a,0,,1,1
05/23/2024,2024,8:25,0,HH49,7,hack-squirt,wetland,HH49,UP49,74,yes,0,LAGU,a,0,,1,1
05/23/2024,2024,8:25,0,HH49,7,hack-squirt,wetland,HH49,UP49,74,yes,0,RBWO,a,0,,1,1
05/23/2024,2024,8:25,0,HH49,7,hack-squirt,wetland,HH49,UP49,74,yes,0,NOCA,a,0,,3,3
05/23/2024,2024,8:25,0,HH49,7,hack-squirt,wetland,HH49,UP49,74,yes,0,BGGN,a,0,,2,2
05/23/2024,2024,8:25,0,HH49,7,hack-squirt,wetland,HH49,UP49,74,yes,0,PIWA,a,0,,1,1
05/23/2024,2024,8:25,0,HH49,7,hack-squirt,wetland,HH49,UP49,74,yes,0,GCFL,a,0,,1,1
05/23/2024,2024,8:40,0,HH48,7,cut-leave,wetland,HH48,UP48,75,yes,2.5,CARW,a,0,,1,1
05/23/2024,2024,8:40,0,HH48,7,cut-leave,wetland,HH48,UP48,75,yes,2.5,COYE,a,0,,1,1
05/23/2024,2024,8:40,0,HH48,7,cut-leave,wetland,HH48,UP48,75,yes,2.5,PIWA,v,1,1,,1
05/23/2024,2024,8:40,0,HH48,7,cut-leave,wetland,HH48,UP48,75,yes,2.5,PIWA,a,1,1,,1
05/23/2024,2024,8:40,0,HH48,7,cut-leave,wetland,HH48,UP48,75,yes,2.5,NOCA,a,0,,1,1
05/23/2024,2024,8:40,0,HH48,7,cut-leave,wetland,HH48,UP48,75,yes,2.5,RBWO,a,0,,1,1
05/23/2024,2024,8:40,0,HH48,7,cut-leave,wetland,HH48,UP48,75,yes,2.5,INBU,a,0,,1,1
05/23/2024,2024,8:40,0,HH48,7,cut-leave,wetland,HH48,UP48,75,yes,2.5,CAGO,a,0,,1,1
05/23/2024,2024,8:40,0,HH48,7,cut-leave,wetland,HH48,UP48,75,yes,2.5,EAPH,a,0,,1,1
05/23/2024,2024,8:40,0,HH48,7,cut-leave,wetland,HH48,UP48,75,yes,2.5,,a,1,1,,1
05/23/2024,2024,9:00,0,HH07,4,cut-leave,wetland,HH07,UP07,77,no,1.5,PIWA,a,0,,1,1
05/23/2024,2024,9:00,0,HH07,4,cut-leave,wetland,HH07,UP07,77,no,1.5,EATO,a,0,,1,1
05/23/2024,2024,9:00,0,HH07,4,cut-leave,wetland,HH07,UP07,77,no,1.5,TUTI,a,0,,3,3
05/23/2024,2024,9:00,0,HH07,4,cut-leave,wetland,HH07,UP07,77,no,1.5,BHCO,a,1,1,,1
05/23/2024,2024,9:00,0,HH07,4,cut-leave,wetland,HH07,UP07,77,no,1.5,COYE,a,0,,1,1
05/23/2024,2024,9:00,0,HH07,4,cut-leave,wetland,HH07,UP07,77,no,1.5,BHNU,a,1,2,,2
05/23/2024,2024,9:00,0,HH07,4,cut-leave,wetland,HH07,UP07,77,no,1.5,RBWO,a,0,,1,1
05/27/2024,2024,6:40,0,HH17,2,cut-leave,wetland,HH17,UP17,75,no,0,EAKI,v,1,1,,1
05/27/2024,2024,6:40,0,HH17,2,cut-leave,wetland,HH17,UP17,75,no,0,BGGN,v,1,1,,1
05/27/2024,2024,6:40,0,HH17,2,cut-leave,wetland,HH17,UP17,75,no,0,RBWO,a,0,,1,1
05/27/2024,2024,6:40,0,HH17,2,cut-leave,wetland,HH17,UP17,75,no,0,SUTA,a,0,,1,1
05/27/2024,2024,6:40,0,HH17,2,cut-leave,wetland,HH17,UP17,75,no,0,PIWA,a,0,,1,1
05/27/2024,2024,6:40,0,HH17,2,cut-leave,wetland,HH17,UP17,75,no,0,CHSP,a,0,,1,1
05/27/2024,2024,6:40,0,HH17,2,cut-leave,wetland,HH17,UP17,75,no,0,NOCA,a,0,,1,1
05/27/2024,2024,6:40,0,HH17,2,cut-leave,wetland,HH17,UP17,75,no,0,EAWP,a,0,,1,1
05/27/2024,2024,7:05,0,UP15,2,none,upland,UP15,HH15,75,no,1.6,NOCA,a,,,1,1
05/27/2024,2024,7:05,0,UP15,2,none,upland,UP15,HH15,75,no,1.6,EABL,v,,,1,1
05/27/2024,2024,7:05,0,UP15,2,none,upland,UP15,HH15,75,no,1.6,BGGN,v,,3,,3
05/27/2024,2024,7:05,0,UP15,2,none,upland,UP15,HH15,75,no,1.6,PIWA,a,,,1,1
05/27/2024,2024,7:05,0,UP15,2,none,upland,UP15,HH15,75,no,1.6,EAKI,a,,1,,1
05/27/2024,2024,7:05,0,UP15,2,none,upland,UP15,HH15,75,no,1.6,BLGR,a,,1,,1
05/27/2024,2024,7:05,0,UP15,2,none,upland,UP15,HH15,75,no,1.6,CHSP,a,,1,,1
05/27/2024,2024,7:05,0,UP15,2,none,upland,UP15,HH15,75,no,1.6,LAGU,v,,2,,2
05/27/2024,2024,7:05,0,UP15,2,none,upland,UP15,HH15,75,no,1.6,GCFL,a,,,1,1
05/27/2024,2024,7:05,0,UP15,2,none,upland,UP15,HH15,75,no,1.6,CARW,a,,,1,1
05/27/2024,2024,7:05,0,UP15,2,none,upland,UP15,HH15,75,no,1.6,BHNU,a,,1,,1
05/27/2024,2024,7:05,0,UP15,2,none,upland,UP15,HH15,75,no,1.6,BACS,a,,1,,1
05/27/2024,2024,7:05,0,UP15,2,none,upland,UP15,HH15,75,no,1.6,WEVI,a,,,1,1
05/27/2024,2024,7:25,0,HH60,1,control-closed,wetland,HH60,UP60,76,no,0,BACS,a,0,,1,1
05/27/2024,2024,7:25,0,HH60,1,control-closed,wetland,HH60,UP60,76,no,0,COYE,a,0,1,,1
05/27/2024,2024,7:25,0,HH60,1,control-closed,wetland,HH60,UP60,76,no,0,BGGN,a,1,1,,1
05/27/2024,2024,7:25,0,HH60,1,control-closed,wetland,HH60,UP60,76,no,0,PIWA,a,0,,1,1
05/27/2024,2024,7:25,0,HH60,1,control-closed,wetland,HH60,UP60,76,no,0,TUTI,a,0,1,,1
05/27/2024,2024,7:25,0,HH60,1,control-closed,wetland,HH60,UP60,76,no,0,NOCA,a,0,1,,1
05/27/2024,2024,7:25,0,HH60,1,control-closed,wetland,HH60,UP60,76,no,0,INBU,a,0,1,,1
05/27/2024,2024,7:25,0,HH60,1,control-closed,wetland,HH60,UP60,76,no,0,RBWO,a,0,,1,1
05/27/2024,2024,7:40,0,UP60,1,none,upland,UP60,HH60,76,no,3.1,PIWA,a,,,1,1
05/27/2024,2024,7:40,0,UP60,1,none,upland,UP60,HH60,76,no,3.1,INBU,a,,,1,1
05/27/2024,2024,7:40,0,UP60,1,none,upland,UP60,HH60,76,no,3.1,BACS,a,,,2,2
05/27/2024,2024,7:40,0,UP60,1,none,upland,UP60,HH60,76,no,3.1,RBWO,a,,,1,1
05/27/2024,2024,7:40,0,UP60,1,none,upland,UP60,HH60,76,no,3.1,EAWP,a,,,1,1
05/27/2024,2024,7:40,0,UP60,1,none,upland,UP60,HH60,76,no,3.1,TUTI,a,,,1,1
05/27/2024,2024,7:40,0,UP60,1,none,upland,UP60,HH60,76,no,3.1,RHWO,v,,,1,1
05/27/2024,2024,7:55,0,UP32,1,none,upland,UP32,HH32,78,no,3.4,PIWA,a,,,1,1
05/27/2024,2024,7:55,0,UP32,1,none,upland,UP32,HH32,78,no,3.4,EAWP,a,,,1,1
05/27/2024,2024,7:55,0,UP32,1,none,upland,UP32,HH32,78,no,3.4,BACS,a,,,2,2
05/27/2024,2024,7:55,0,UP32,1,none,upland,UP32,HH32,78,no,3.4,EABL,a,,1,,1
05/27/2024,2024,7:55,0,UP32,1,none,upland,UP32,HH32,78,no,3.4,SUTA,a,,2,,2
05/27/2024,2024,7:55,0,UP32,1,none,upland,UP32,HH32,78,no,3.4,YBCH,a,,,1,1
05/27/2024,2024,7:55,0,UP32,1,none,upland,UP32,HH32,78,no,3.4,BGGN,a,,1,,1
05/27/2024,2024,8:15,0,UP33,1,none,upland,UP33,HH33,79,no,2.3,EAWP,a,,1,,1
05/27/2024,2024,8:15,0,UP33,1,none,upland,UP33,HH33,79,no,2.3,BACS,a,,2,,2
05/27/2024,2024,8:15,0,UP33,1,none,upland,UP33,HH33,79,no,2.3,NOCA,a,,,3,3
05/27/2024,2024,8:15,0,UP33,1,none,upland,UP33,HH33,79,no,2.3,EABL,a,,,1,1
05/27/2024,2024,8:15,0,UP33,1,none,upland,UP33,HH33,79,no,2.3,EABL,v,,,1,1
05/27/2024,2024,8:15,0,UP33,1,none,upland,UP33,HH33,79,no,2.3,EATO,a,,,1,1
05/27/2024,2024,8:15,0,UP33,1,none,upland,UP33,HH33,79,no,2.3,COYE,a,,,1,1
05/27/2024,2024,8:15,0,UP33,1,none,upland,UP33,HH33,79,no,2.3,BHNU,a,,,1,1
05/27/2024,2024,8:35,0,UP22,2,none,upland,UP22,HH22,80,no,4.2,BGGN,a,,,1,1
05/27/2024,2024,8:35,0,UP22,2,none,upland,UP22,HH22,80,no,4.2,INBU,a,,1,,1
05/27/2024,2024,8:35,0,UP22,2,none,upland,UP22,HH22,80,no,4.2,COYE,a,,2,,2
05/27/2024,2024,8:35,0,UP22,2,none,upland,UP22,HH22,80,no,4.2,NOCA,a,,,1,1
05/27/2024,2024,8:35,0,UP22,2,none,upland,UP22,HH22,80,no,4.2,RBWO,a,,,1,1
05/27/2024,2024,8:35,0,UP22,2,none,upland,UP22,HH22,80,no,4.2,PIWA,a,,1,,1
05/27/2024,2024,8:35,0,UP22,2,none,upland,UP22,HH22,80,no,4.2,CHSP,a,,1,,1
05/27/2024,2024,8:35,0,UP22,2,none,upland,UP22,HH22,80,no,4.2,NOMO,v,,,1,1
05/27/2024,2024,8:35,0,UP22,2,none,upland,UP22,HH22,80,no,4.2,BLJA,a,,,1,1
05/27/2024,2024,8:50,0,UP14,1,none,upland,UP14,HH14,80,no,3.8,CHSP,a,,,1,1
05/27/2024,2024,8:50,0,UP14,1,none,upland,UP14,HH14,80,no,3.8,PUMA,a,,,1,1
05/27/2024,2024,8:50,0,UP14,1,none,upland,UP14,HH14,80,no,3.8,SUTA,a,,,1,1
05/27/2024,2024,8:50,0,UP14,1,none,upland,UP14,HH14,80,no,3.8,BLJA,a,,,1,1
05/27/2024,2024,8:50,0,UP14,1,none,upland,UP14,HH14,80,no,3.8,BGGN,a,,,1,1
05/27/2024,2024,8:50,0,UP14,1,none,upland,UP14,HH14,80,no,3.8,PIWA,a,,,1,1
05/27/2024,2024,8:50,0,UP14,1,none,upland,UP14,HH14,80,no,3.8,NOMO,a,,,1,1
05/27/2024,2024,8:50,0,UP14,1,none,upland,UP14,HH14,80,no,3.8,BHCO,a,,,1,1
05/27/2024,2024,8:50,0,UP14,1,none,upland,UP14,HH14,80,no,3.8,WBNU,a,,,1,1
05/27/2024,2024,9:10,0,UP07,4,none,upland,UP07,HH07,81,no,0,EATO,a,,1,,1
05/27/2024,2024,9:10,0,UP07,4,none,upland,UP07,HH07,81,no,0,EAWP,a,,,1,1
05/27/2024,2024,9:10,0,UP07,4,none,upland,UP07,HH07,81,no,0,BHNU,a,,,1,1
05/27/2024,2024,9:10,0,UP07,4,none,upland,UP07,HH07,81,no,0,PIWA,a,,,1,1
05/27/2024,2024,9:10,0,UP07,4,none,upland,UP07,HH07,81,no,0,BHCO,a,,1,,1
05/27/2024,2024,9:10,0,UP07,4,none,upland,UP07,HH07,81,no,0,RBWO,a,,,1,1
05/27/2024,2024,9:10,0,UP07,4,none,upland,UP07,HH07,81,no,0,COYE,a,,,1,1
05/27/2024,2024,9:10,0,UP07,4,none,upland,UP07,HH07,81,no,0,CARW,a,,1,,1
05/27/2024,2024,9:10,0,UP07,4,none,upland,UP07,HH07,81,no,0,BGGN,a,,2,,2
05/27/2024,2024,9:10,0,UP07,4,none,upland,UP07,HH07,81,no,0,TUTI,a,,1,,1
05/27/2024,2024,9:10,0,UP07,4,none,upland,UP07,HH07,81,no,0,EAKI,a,,,2,2
05/27/2024,2024,9:10,0,UP07,4,none,upland,UP07,HH07,81,no,0,GCFL,a,,1,,1
05/28/2024,2024,6:55,0,HH43,7,control-closed,wetland,HH43,UP43,72,no,0,WEVI,a,1,1,,1
05/28/2024,2024,6:55,0,HH43,7,control-closed,wetland,HH43,UP43,72,no,0,COYE,a,0,,1,1
05/28/2024,2024,6:55,0,HH43,7,control-closed,wetland,HH43,UP43,72,no,0,BGGN,a,1,1,,1
05/28/2024,2024,6:55,0,HH43,7,control-closed,wetland,HH43,UP43,72,no,0,RBWO,a,0,,1,1
05/28/2024,2024,7:10,0,UP43,7,none,upland,UP43,HH43,72,no,1.4,CARW,a,,1,,1
05/28/2024,2024,7:10,0,UP43,7,none,upland,UP43,HH43,72,no,1.4,YBCH,a,,1,,1
05/28/2024,2024,7:10,0,UP43,7,none,upland,UP43,HH43,72,no,1.4,COYE,a,,,1,1
05/28/2024,2024,7:10,0,UP43,7,none,upland,UP43,HH43,72,no,1.4,EAPH,a,,,1,1
05/28/2024,2024,7:10,0,UP43,7,none,upland,UP43,HH43,72,no,1.4,EATO,a,,,3,3
05/28/2024,2024,7:10,0,UP43,7,none,upland,UP43,HH43,72,no,1.4,INBU,a,,1,,1
05/28/2024,2024,7:10,0,UP43,7,none,upland,UP43,HH43,72,no,1.4,BACS,a,,,1,1
05/28/2024,2024,7:25,0,UP60,1,none,upland,UP60,HH60,72,no,1.8,NOMO,v,,1,,1
05/28/2024,2024,7:25,0,UP60,1,none,upland,UP60,HH60,72,no,1.8,CARW,a,,,1,1
05/28/2024,2024,7:25,0,UP60,1,none,upland,UP60,HH60,72,no,1.8,PIWA,a,,,2,2
05/28/2024,2024,7:25,0,UP60,1,none,upland,UP60,HH60,72,no,1.8,EAWP,a,,,1,1
05/28/2024,2024,7:25,0,UP60,1,none,upland,UP60,HH60,72,no,1.8,BLJA,a,,,1,1
05/28/2024,2024,7:25,0,UP60,1,none,upland,UP60,HH60,72,no,1.8,PIWO,a,,,1,1
05/28/2024,2024,7:25,0,UP60,1,none,upland,UP60,HH60,72,no,1.8,RBWO,a,,,2,2
05/28/2024,2024,7:25,0,UP60,1,none,upland,UP60,HH60,72,no,1.8,EATO,v,,,1,1
05/28/2024,2024,7:25,0,UP60,1,none,upland,UP60,HH60,72,no,1.8,EABL,a,,,1,1
05/28/2024,2024,7:25,0,UP60,1,none,upland,UP60,HH60,72,no,1.8,BGGN,a,,1,,1
05/28/2024,2024,7:25,0,UP60,1,none,upland,UP60,HH60,72,no,1.8,NOCA,a,,,1,1
05/28/2024,2024,7:40,0,UP13,1,none,upland,UP13,HH13,73,no,2,COYE,a,,2,,2
05/28/2024,2024,7:40,0,UP13,1,none,upland,UP13,HH13,73,no,2,RBWO,a,,,1,1
05/28/2024,2024,7:40,0,UP13,1,none,upland,UP13,HH13,73,no,2,NOCA,a,,,1,1
05/28/2024,2024,7:40,0,UP13,1,none,upland,UP13,HH13,73,no,2,BGGN,a,,1,,1
05/28/2024,2024,7:40,0,UP13,1,none,upland,UP13,HH13,73,no,2,NOMO,a,,,1,1
05/28/2024,2024,7:40,0,UP13,1,none,upland,UP13,HH13,73,no,2,BACS,a,,,1,1
05/28/2024,2024,7:40,0,UP13,1,none,upland,UP13,HH13,73,no,2,CARW,a,,1,,1
05/28/2024,2024,7:40,0,UP13,1,none,upland,UP13,HH13,73,no,2,TUTI,a,,1,,1
05/28/2024,2024,7:40,0,UP13,1,none,upland,UP13,HH13,73,no,2,TUTI,v,,1,,1
05/28/2024,2024,7:40,0,UP13,1,none,upland,UP13,HH13,73,no,2,GCFL,a,,1,,1
05/28/2024,2024,7:55,0,HH05,4,control-open,wetland,HH05,UP05,73,yes,0,NOCA,v,1,2,,2
05/28/2024,2024,7:55,0,HH05,4,control-open,wetland,HH05,UP05,73,yes,0,BLGR,a,0,1,,1
05/28/2024,2024,7:55,0,HH05,4,control-open,wetland,HH05,UP05,73,yes,0,COYE,a,0,2,,2
05/28/2024,2024,7:55,0,HH05,4,control-open,wetland,HH05,UP05,73,yes,0,EAWP,a,0,,1,1
05/28/2024,2024,7:55,0,HH05,4,control-open,wetland,HH05,UP05,73,yes,0,CARW,a,0,,1,1
05/28/2024,2024,7:55,0,HH05,4,control-open,wetland,HH05,UP05,73,yes,0,EATO,a,0,,1,1
05/28/2024,2024,7:55,0,HH05,4,control-open,wetland,HH05,UP05,73,yes,0,BACS,a,0,,1,1
05/28/2024,2024,7:55,0,HH05,4,control-open,wetland,HH05,UP05,73,yes,0,MODO,a,0,,1,1
05/28/2024,2024,8:15,0,HH15,2,control-closed,wetland,HH15,UP15,74,no,5.4,CARW,a,0,,1,1
05/28/2024,2024,8:15,0,HH15,2,control-closed,wetland,HH15,UP15,74,no,5.4,PIWA,a,0,,3,3
05/28/2024,2024,8:15,0,HH15,2,control-closed,wetland,HH15,UP15,74,no,5.4,BHCO,a,1,1,,1
05/28/2024,2024,8:15,0,HH15,2,control-closed,wetland,HH15,UP15,74,no,5.4,RWBL,a,0,,1,1
05/28/2024,2024,8:15,0,HH15,2,control-closed,wetland,HH15,UP15,74,no,5.4,GCFL,a,0,,1,1
05/28/2024,2024,8:15,0,HH15,2,control-closed,wetland,HH15,UP15,74,no,5.4,OROR,a,1,1,,1
05/28/2024,2024,8:30,0,HH14,2,cut-leave,wetland,HH14,UP14,74,no,2.8,PIWA,a,0,1,,1
05/28/2024,2024,8:30,0,HH14,2,cut-leave,wetland,HH14,UP14,74,no,2.8,BGGN,a,0,,1,1
05/28/2024,2024,8:30,0,HH14,2,cut-leave,wetland,HH14,UP14,74,no,2.8,NOMO,a,0,,1,1
05/28/2024,2024,8:30,0,HH14,2,cut-leave,wetland,HH14,UP14,74,no,2.8,TUTI,a,0,,1,1
05/28/2024,2024,8:30,0,HH14,2,cut-leave,wetland,HH14,UP14,74,no,2.8,COYE,a,0,,1,1
05/28/2024,2024,8:30,0,HH14,2,cut-leave,wetland,HH14,UP14,74,no,2.8,NOCA,a,0,,1,1
05/28/2024,2024,8:30,0,HH14,2,cut-leave,wetland,HH14,UP14,74,no,2.8,WBNU,a,0,,1,1
05/28/2024,2024,8:45,0,HH48,3,cut-leave,wetland,HH48,UP48,75,yes,2,CARW,v,1,1,,1
05/28/2024,2024,8:45,0,HH48,3,cut-leave,wetland,HH48,UP48,75,yes,2,PIWA,a,0,1,,1
05/28/2024,2024,8:45,0,HH48,3,cut-leave,wetland,HH48,UP48,75,yes,2,EAWP,a,0,,1,1
05/28/2024,2024,8:45,0,HH48,3,cut-leave,wetland,HH48,UP48,75,yes,2,CACH,a,1,1,,1
05/28/2024,2024,8:45,0,HH48,3,cut-leave,wetland,HH48,UP48,75,yes,2,GCFL,a,0,,1,1
05/28/2024,2024,8:45,0,HH48,3,cut-leave,wetland,HH48,UP48,75,yes,2,BLGR,a,1,1,,1
05/28/2024,2024,8:45,0,HH48,3,cut-leave,wetland,HH48,UP48,75,yes,2,NOCA,a,0,,1,1
05/28/2024,2024,8:45,0,HH48,3,cut-leave,wetland,HH48,UP48,75,yes,2,NOCA,v,1,1,,1
05/28/2024,2024,8:45,0,HH48,3,cut-leave,wetland,HH48,UP48,75,yes,2,BGGN,a,1,1,,1
05/28/2024,2024,8:45,0,HH48,3,cut-leave,wetland,HH48,UP48,75,yes,2,COYE,a,0,,1,1
05/29/2024,2024,6:45,0,UP34,1,none,upland,UP34,HH34,68,no,0,NOMO,v,,3,,3
05/29/2024,2024,6:45,0,UP34,1,none,upland,UP34,HH34,68,no,0,RBWO,a,,,1,1
05/29/2024,2024,6:45,0,UP34,1,none,upland,UP34,HH34,68,no,0,BACS,a,,3,,3
05/29/2024,2024,6:45,0,UP34,1,none,upland,UP34,HH34,68,no,0,BACS,a,,,1,1
05/29/2024,2024,6:45,0,UP34,1,none,upland,UP34,HH34,68,no,0,CARW,a,,,1,1
05/29/2024,2024,6:45,0,UP34,1,none,upland,UP34,HH34,68,no,0,PIWA,a,,2,,2
05/29/2024,2024,6:45,0,UP34,1,none,upland,UP34,HH34,68,no,0,BRTH,a,,1,,1
05/29/2024,2024,6:45,0,UP34,1,none,upland,UP34,HH34,68,no,0,PIWO,a,,,1,1
05/29/2024,2024,6:45,0,UP34,1,none,upland,UP34,HH34,68,no,0,BHNU,a,,3,,3
05/29/2024,2024,6:45,0,UP34,1,none,upland,UP34,HH34,68,no,0,RCWO,v,,1,,1
05/29/2024,2024,6:45,0,UP34,1,none,upland,UP34,HH34,68,no,0,OROR,a,,,1,1
05/29/2024,2024,6:55,0,UP43,7,none,upland,UP43,HH43,68,no,0,NOCA,a,,1,,1
05/29/2024,2024,6:55,0,UP43,7,none,upland,UP43,HH43,68,no,0,COYE,a,,,1,1
05/29/2024,2024,6:55,0,UP43,7,none,upland,UP43,HH43,68,no,0,INBU,a,,,1,1
05/29/2024,2024,6:55,0,UP43,7,none,upland,UP43,HH43,68,no,0,EATO,a,,,1,1
05/29/2024,2024,6:55,0,UP43,7,none,upland,UP43,HH43,68,no,0,EAWP,a,,,1,1
05/29/2024,2024,6:55,0,UP43,7,none,upland,UP43,HH43,68,no,0,BGGN,a,,1,,1
05/29/2024,2024,6:55,0,UP43,7,none,upland,UP43,HH43,68,no,0,MODO,a,,,1,1
05/29/2024,2024,6:55,0,UP43,7,none,upland,UP43,HH43,68,no,0,CHSW,v,,1,,1
05/29/2024,2024,6:55,0,UP43,7,none,upland,UP43,HH43,68,no,0,BLGR,a,,,1,1
05/29/2024,2024,6:55,0,UP43,7,none,upland,UP43,HH43,68,no,0,PRWA,a,,1,,1
05/29/2024,2024,7:10,0,HH50,3,control-open,wetland,HH50,UP50,68,no,0,WBNU,a,1,1,,1
05/29/2024,2024,7:10,0,HH50,3,control-open,wetland,HH50,UP50,68,no,0,WEVI,a,0,,1,1
05/29/2024,2024,7:10,0,HH50,3,control-open,wetland,HH50,UP50,68,no,0,NOCA,a,0,,1,1
05/29/2024,2024,7:10,0,HH50,3,control-open,wetland,HH50,UP50,68,no,0,RBWO,a,0,,1,1
05/29/2024,2024,7:10,0,HH50,3,control-open,wetland,HH50,UP50,68,no,0,YTWA,a,1,1,,1
05/29/2024,2024,7:10,0,HH50,3,control-open,wetland,HH50,UP50,68,no,0,YTWA,a,1,,1,1
05/29/2024,2024,7:10,0,HH50,3,control-open,wetland,HH50,UP50,68,no,0,KILL,v,1,1,,1
05/29/2024,2024,7:10,0,HH50,3,control-open,wetland,HH50,UP50,68,no,0,RSHA,a,0,,1,1
05/29/2024,2024,7:10,0,HH50,3,control-open,wetland,HH50,UP50,68,no,0,PIWA,a,1,1,,1
05/29/2024,2024,7:30,0,UP45,7,none,upland,UP45,HH45,69,no,0,INBU,a,,3,,3
05/29/2024,2024,7:30,0,UP45,7,none,upland,UP45,HH45,69,no,0,COYE,a,,1,,1
05/29/2024,2024,7:30,0,UP45,7,none,upland,UP45,HH45,69,no,0,GCFL,v,,,1,1
05/29/2024,2024,7:30,0,UP45,7,none,upland,UP45,HH45,69,no,0,EABL,a,,1,,1
05/29/2024,2024,7:30,0,UP45,7,none,upland,UP45,HH45,69,no,0,NOCA,a,,,1,1
05/29/2024,2024,7:30,0,UP45,7,none,upland,UP45,HH45,69,no,0,CACH,a,,,1,1
05/29/2024,2024,7:30,0,UP45,7,none,upland,UP45,HH45,69,no,0,TUTI,a,,,1,1
05/29/2024,2024,7:45,0,HH45,7,control-open,wetland,HH45,UP45,69,no,0.9,RCWO,v,0,,1,1
05/29/2024,2024,7:45,0,HH45,7,control-open,wetland,HH45,UP45,69,no,0.9,BGGN,v,1,6,,6
05/29/2024,2024,7:45,0,HH45,7,control-open,wetland,HH45,UP45,69,no,0.9,COYE,a,0,,1,1
05/29/2024,2024,7:45,0,HH45,7,control-open,wetland,HH45,UP45,69,no,0.9,LAGU,v,0,,3,3
05/29/2024,2024,7:45,0,HH45,7,control-open,wetland,HH45,UP45,69,no,0.9,YBCH,a,0,,1,1
05/29/2024,2024,7:45,0,HH45,7,control-open,wetland,HH45,UP45,69,no,0.9,TUTI,v,0,2,1,3
05/29/2024,2024,7:45,0,HH45,7,control-open,wetland,HH45,UP45,69,no,0.9,EATO,a,0,,2,2
05/29/2024,2024,7:45,0,HH45,7,control-open,wetland,HH45,UP45,69,no,0.9,NOMO,a,0,,1,1
05/29/2024,2024,7:45,0,HH45,7,control-open,wetland,HH45,UP45,69,no,0.9,CACH,a,0,1,,1
05/29/2024,2024,7:45,0,HH45,7,control-open,wetland,HH45,UP45,69,no,0.9,EAKI,a,0,,1,1
05/29/2024,2024,8:05,0,UP50,3,none,upland,UP50,HH50,71,no,1,TUTI,a,,1,1,2
05/29/2024,2024,8:05,0,UP50,3,none,upland,UP50,HH50,71,no,1,CARW,a,,,1,1
05/29/2024,2024,8:05,0,UP50,3,none,upland,UP50,HH50,71,no,1,COYE,a,,1,,1
05/29/2024,2024,8:05,0,UP50,3,none,upland,UP50,HH50,71,no,1,NOPA,a,,1,,1
05/29/2024,2024,8:05,0,UP50,3,none,upland,UP50,HH50,71,no,1,BACS,a,,,1,1
05/29/2024,2024,8:05,0,UP50,3,none,upland,UP50,HH50,71,no,1,RBWO,a,,,2,2
05/29/2024,2024,8:05,0,UP50,3,none,upland,UP50,HH50,71,no,1,CACH,a,,,1,1
05/29/2024,2024,8:05,0,UP50,3,none,upland,UP50,HH50,71,no,1,BHNU,a,,1,,1
05/29/2024,2024,8:20,0,UP04,4,none,upland,UP04,HH04,72,no,1.1,EAKI,v,,1,1,2
05/29/2024,2024,8:20,0,UP04,4,none,upland,UP04,HH04,72,no,1.1,NOMO,a,,3,,3
05/29/2024,2024,8:20,0,UP04,4,none,upland,UP04,HH04,72,no,1.1,CARW,a,,1,,1
05/29/2024,2024,8:20,0,UP04,4,none,upland,UP04,HH04,72,no,1.1,YBCH,a,,,1,1
05/29/2024,2024,8:20,0,UP04,4,none,upland,UP04,HH04,72,no,1.1,BACS,a,,,1,1
05/29/2024,2024,8:20,0,UP04,4,none,upland,UP04,HH04,72,no,1.1,EABL,a,,2,,2
05/29/2024,2024,8:20,0,UP04,4,none,upland,UP04,HH04,72,no,1.1,NOCA,a,,,1,1
05/29/2024,2024,8:20,0,UP04,4,none,upland,UP04,HH04,72,no,1.1,COYE,a,,1,,1
05/29/2024,2024,8:20,0,UP04,4,none,upland,UP04,HH04,72,no,1.1,INBU,a,,,1,1
05/29/2024,2024,8:20,0,UP04,4,none,upland,UP04,HH04,72,no,1.1,BGGN,a,,1,,1
05/29/2024,2024,8:40,0,UP48,3,none,upland,UP48,HH48,73,no,1.2,EAWP,a,,,1,1
05/29/2024,2024,8:40,0,UP48,3,none,upland,UP48,HH48,73,no,1.2,PIWA,a,,,1,1
05/29/2024,2024,8:40,0,UP48,3,none,upland,UP48,HH48,73,no,1.2,DOWO,a,,,1,1
05/29/2024,2024,8:40,0,UP48,3,none,upland,UP48,HH48,73,no,1.2,CACH,a,,1,,1
05/29/2024,2024,8:40,0,UP48,3,none,upland,UP48,HH48,73,no,1.2,NOPA,a,,1,,1
05/29/2024,2024,8:40,0,UP48,3,none,upland,UP48,HH48,73,no,1.2,WEVI,a,,,1,1
05/29/2024,2024,8:40,0,UP48,3,none,upland,UP48,HH48,73,no,1.2,TUTI,a,,,1,1
05/29/2024,2024,8:40,0,UP48,3,none,upland,UP48,HH48,73,no,1.2,BHNU,a,,2,,2
05/29/2024,2024,8:40,0,UP48,3,none,upland,UP48,HH48,73,no,1.2,EABL,a,,,1,1
05/29/2024,2024,8:55,0,HH02,4,cut-remove,wetland,HH02,UP02,75,no,0,MODO,a,0,,1,1
05/29/2024,2024,8:55,0,HH02,4,cut-remove,wetland,HH02,UP02,75,no,0,NOMO,v,0,,1,1
05/29/2024,2024,8:55,0,HH02,4,cut-remove,wetland,HH02,UP02,75,no,0,NOCA,a,0,,1,1
05/29/2024,2024,8:55,0,HH02,4,cut-remove,wetland,HH02,UP02,75,no,0,BLJA,a,0,,1,1
05/29/2024,2024,8:55,0,HH02,4,cut-remove,wetland,HH02,UP02,75,no,0,OROR,a,1,1,,1
05/29/2024,2024,8:55,0,HH02,4,cut-remove,wetland,HH02,UP02,75,no,0,GCFL,a,0,,1,1
05/29/2024,2024,8:55,0,HH02,4,cut-remove,wetland,HH02,UP02,75,no,0,SUTA,a,1,1,,1
05/29/2024,2024,8:55,0,HH02,4,cut-remove,wetland,HH02,UP02,75,no,0,TUTI,a,0,,1,1
05/29/2024,2024,8:55,0,HH02,4,cut-remove,wetland,HH02,UP02,75,no,0,BGGN,a,1,1,,1
05/29/2024,2024,8:55,0,HH02,4,cut-remove,wetland,HH02,UP02,75,no,0,DOWO,a,0,,1,1
05/30/2024,2024,6:40,0,UP17,2,none,upland,UP17,HH17,65,no,2.6,HOFI,v,,2,,2
05/30/2024,2024,6:40,0,UP17,2,none,upland,UP17,HH17,65,no,2.6,COYE,a,,1,,1
05/30/2024,2024,6:40,0,UP17,2,none,upland,UP17,HH17,65,no,2.6,BHNU,a,,,1,1
05/30/2024,2024,6:40,0,UP17,2,none,upland,UP17,HH17,65,no,2.6,RBWO,a,,,1,1
05/30/2024,2024,6:40,0,UP17,2,none,upland,UP17,HH17,65,no,2.6,CHSP,a,,,1,1
05/30/2024,2024,6:40,0,UP17,2,none,upland,UP17,HH17,65,no,2.6,CARW,a,,,1,1
05/30/2024,2024,6:40,0,UP17,2,none,upland,UP17,HH17,65,no,2.6,LAGU,v,,10,,10
05/30/2024,2024,7:05,0,HH33,1,hack-squirt,wetland,HH33,UP33,65,no,0,BACS,a,0,2,,2
05/30/2024,2024,7:05,0,HH33,1,hack-squirt,wetland,HH33,UP33,65,no,0,BGGN,a,1,1,,1
05/30/2024,2024,7:05,0,HH33,1,hack-squirt,wetland,HH33,UP33,65,no,0,EAWP,a,0,,1,1
05/30/2024,2024,7:05,0,HH33,1,hack-squirt,wetland,HH33,UP33,65,no,0,CARW,a,0,,1,1
05/30/2024,2024,7:05,0,HH33,1,hack-squirt,wetland,HH33,UP33,65,no,0,COYE,a,0,,2,2
05/30/2024,2024,7:05,0,HH33,1,hack-squirt,wetland,HH33,UP33,65,no,0,LAGU,v,1,1,,1
05/30/2024,2024,7:05,0,HH33,1,hack-squirt,wetland,HH33,UP33,65,no,0,PIWA,a,0,,1,1
05/30/2024,2024,7:05,0,HH33,1,hack-squirt,wetland,HH33,UP33,65,no,0,RBWO,a,0,,1,1
05/30/2024,2024,7:20,0,HH49,3,hack-squirt,wetland,HH49,UP49,65,yes,0,EAWP,a,1,1,,1
05/30/2024,2024,7:20,0,HH49,3,hack-squirt,wetland,HH49,UP49,65,yes,0,TUTI,a,0,,1,1
05/30/2024,2024,7:20,0,HH49,3,hack-squirt,wetland,HH49,UP49,65,yes,0,PIWA,a,0,,1,1
05/30/2024,2024,7:20,0,HH49,3,hack-squirt,wetland,HH49,UP49,65,yes,0,NOCA,a,0,,1,1
05/30/2024,2024,7:20,0,HH49,3,hack-squirt,wetland,HH49,UP49,65,yes,0,CHSP,a,0,,1,1
05/30/2024,2024,7:20,0,HH49,3,hack-squirt,wetland,HH49,UP49,65,yes,0,PIWO,a,0,,1,1
05/30/2024,2024,7:20,0,HH49,3,hack-squirt,wetland,HH49,UP49,65,yes,0,INBU,a,0,,1,1
05/30/2024,2024,7:20,0,HH49,3,hack-squirt,wetland,HH49,UP49,65,yes,0,COYE,a,0,,1,1
05/30/2024,2024,7:20,0,HH49,3,hack-squirt,wetland,HH49,UP49,65,yes,0,BACS,a,0,,1,1
05/30/2024,2024,7:20,0,HH49,3,hack-squirt,wetland,HH49,UP49,65,yes,0,BLJA,a,0,,1,1
05/30/2024,2024,7:20,0,HH49,3,hack-squirt,wetland,HH49,UP49,65,yes,0,NOMO,a,0,,1,1
05/30/2024,2024,7:20,0,HH49,3,hack-squirt,wetland,HH49,UP49,65,yes,0,CARW,a,1,1,,1
05/30/2024,2024,7:40,0,HH32,1,control-closed,wetland,HH32,UP32,66,no,2.7,BGGN,v,1,2,,2
05/30/2024,2024,7:40,0,HH32,1,control-closed,wetland,HH32,UP32,66,no,2.7,LAGU,v,1,2,,2
05/30/2024,2024,7:40,0,HH32,1,control-closed,wetland,HH32,UP32,66,no,2.7,EAWP,a,0,,1,1
05/30/2024,2024,7:40,0,HH32,1,control-closed,wetland,HH32,UP32,66,no,2.7,PIWA,a,0,,1,1
05/30/2024,2024,7:40,0,HH32,1,control-closed,wetland,HH32,UP32,66,no,2.7,BLJA,a,0,,1,1
05/30/2024,2024,7:40,0,HH32,1,control-closed,wetland,HH32,UP32,66,no,2.7,COYE,a,0,,1,1
05/30/2024,2024,7:40,0,HH32,1,control-closed,wetland,HH32,UP32,66,no,2.7,NOMO,a,0,,1,1
05/30/2024,2024,7:40,0,HH32,1,control-closed,wetland,HH32,UP32,66,no,2.7,RHWO,v,1,1,,1
05/30/2024,2024,7:40,0,HH32,1,control-closed,wetland,HH32,UP32,66,no,2.7,TUTI,a,0,,1,1
05/30/2024,2024,7:40,0,HH32,1,control-closed,wetland,HH32,UP32,66,no,2.7,OROR,a,0,,1,1
05/30/2024,2024,7:40,0,HH32,1,control-closed,wetland,HH32,UP32,66,no,2.7,RBWO,a,0,,1,1
05/30/2024,2024,8:00,0,HH17,2,cut-leave,wetland,HH17,UP17,67,no,3.3,BGGN,v,1,1,,1
05/30/2024,2024,8:00,0,HH17,2,cut-leave,wetland,HH17,UP17,67,no,3.3,LAGU,v,1,2,,2
05/30/2024,2024,8:00,0,HH17,2,cut-leave,wetland,HH17,UP17,67,no,3.3,CHSP,a,0,,1,1
05/30/2024,2024,8:00,0,HH17,2,cut-leave,wetland,HH17,UP17,67,no,3.3,WEVI,a,0,,1,1
05/30/2024,2024,8:00,0,HH17,2,cut-leave,wetland,HH17,UP17,67,no,3.3,EABL,a,0,,2,2
05/30/2024,2024,8:00,0,HH17,2,cut-leave,wetland,HH17,UP17,67,no,3.3,NOCA,a,0,,1,1
05/30/2024,2024,8:00,0,HH17,2,cut-leave,wetland,HH17,UP17,67,no,3.3,GCFL,a,0,,1,1
05/30/2024,2024,8:00,0,HH17,2,cut-leave,wetland,HH17,UP17,67,no,3.3,EAWP,a,0,,1,1
05/30/2024,2024,8:15,0,UP32,1,none,upland,UP32,HH32,68,no,3.3,CACH,a,,,1,1
05/30/2024,2024,8:15,0,UP32,1,none,upland,UP32,HH32,68,no,3.3,EAWP,a,,,1,1
05/30/2024,2024,8:15,0,UP32,1,none,upland,UP32,HH32,68,no,3.3,PIWA,a,,,1,1
05/30/2024,2024,8:15,0,UP32,1,none,upland,UP32,HH32,68,no,3.3,COYE,a,,,1,1
05/30/2024,2024,8:15,0,UP32,1,none,upland,UP32,HH32,68,no,3.3,NOMO,a,,,1,1
05/30/2024,2024,8:15,0,UP32,1,none,upland,UP32,HH32,68,no,3.3,BACS,a,,,1,1
05/30/2024,2024,8:15,0,UP32,1,none,upland,UP32,HH32,68,no,3.3,EABL,a,,,1,1
05/30/2024,2024,8:15,0,UP32,1,none,upland,UP32,HH32,68,no,3.3,BHNU,a,,,1,1
05/30/2024,2024,8:15,0,UP32,1,none,upland,UP32,HH32,68,no,3.3,CHSP,a,,,1,1
05/30/2024,2024,8:35,0,HH04,4,hack-squirt,wetland,HH04,UP04,69,no,0,EATO,a,0,3,,3
05/30/2024,2024,8:35,0,HH04,4,hack-squirt,wetland,HH04,UP04,69,no,0,CARW,a,0,,1,1
05/30/2024,2024,8:35,0,HH04,4,hack-squirt,wetland,HH04,UP04,69,no,0,BHCO,a,1,1,,1
05/30/2024,2024,8:35,0,HH04,4,hack-squirt,wetland,HH04,UP04,69,no,0,NOCA,a,0,,1,1
05/30/2024,2024,8:35,0,HH04,4,hack-squirt,wetland,HH04,UP04,69,no,0,BACS,a,0,1,,1
05/30/2024,2024,8:35,0,HH04,4,hack-squirt,wetland,HH04,UP04,69,no,0,COYE,a,0,1,,1
05/30/2024,2024,8:35,0,HH04,4,hack-squirt,wetland,HH04,UP04,69,no,0,COYE,a,1,,1,1
05/30/2024,2024,8:35,0,HH04,4,hack-squirt,wetland,HH04,UP04,69,no,0,SUTA,a,1,1,,1
05/30/2024,2024,8:35,0,HH04,4,hack-squirt,wetland,HH04,UP04,69,no,0,OROR,a,0,,1,1
05/30/2024,2024,8:50,0,UP15,2,none,upland,UP15,HH15,70,no,2.2,EAWP,a,,,1,1
05/30/2024,2024,8:50,0,UP15,2,none,upland,UP15,HH15,70,no,2.2,BHNU,a,,1,1,2
05/30/2024,2024,8:50,0,UP15,2,none,upland,UP15,HH15,70,no,2.2,COYE,a,,,1,1
05/30/2024,2024,8:50,0,UP15,2,none,upland,UP15,HH15,70,no,2.2,CHSP,a,,,1,1
05/30/2024,2024,8:50,0,UP15,2,none,upland,UP15,HH15,70,no,2.2,OROR,a,,,1,1
05/30/2024,2024,8:50,0,UP15,2,none,upland,UP15,HH15,70,no,2.2,NOCA,a,,,1,1
05/30/2024,2024,8:50,0,UP15,2,none,upland,UP15,HH15,70,no,2.2,BACS,a,,,1,1
05/30/2024,2024,8:50,0,UP15,2,none,upland,UP15,HH15,70,no,2.2,EAKI,a,,,1,1
05/30/2024,2024,8:50,0,UP15,2,none,upland,UP15,HH15,70,no,2.2,EAKI,v,,1,,1
06/03/2024,2024,6:45,0,HH13,1,cut-leave,wetland,HH13,UP13,67,no,0,BGGN,v,1,1,,1
06/03/2024,2024,6:45,0,HH13,1,cut-leave,wetland,HH13,UP13,67,no,0,COYE,a,1,2,,2
06/03/2024,2024,6:45,0,HH13,1,cut-leave,wetland,HH13,UP13,67,no,0,CARW,a,1,3,,3
06/03/2024,2024,6:45,0,HH13,1,cut-leave,wetland,HH13,UP13,67,no,0,RBWO,a,0,,1,1
06/03/2024,2024,6:45,0,HH13,1,cut-leave,wetland,HH13,UP13,67,no,0,GCFL,a,0,1,,1
06/03/2024,2024,6:45,0,HH13,1,cut-leave,wetland,HH13,UP13,67,no,0,PIWA,a,0,2,,2
06/03/2024,2024,6:45,0,HH13,1,cut-leave,wetland,HH13,UP13,67,no,0,NOCA,a,0,,1,1
06/03/2024,2024,6:45,0,HH13,1,cut-leave,wetland,HH13,UP13,67,no,0,BACS,a,0,1,,1
06/03/2024,2024,7:10,0,HH43,7,control-closed,wetland,HH43,UP43,69,no,0,CARW,a,1,1,,1
06/03/2024,2024,7:10,0,HH43,7,control-closed,wetland,HH43,UP43,69,no,0,BGGN,a,1,1,,1
06/03/2024,2024,7:10,0,HH43,7,control-closed,wetland,HH43,UP43,69,no,0,RBWO,a,0,,1,1
06/03/2024,2024,7:10,0,HH43,7,control-closed,wetland,HH43,UP43,69,no,0,INBU,a,0,,1,1
06/03/2024,2024,7:10,0,HH43,7,control-closed,wetland,HH43,UP43,69,no,0,COYE,a,0,,1,1
06/03/2024,2024,7:10,0,HH43,7,control-closed,wetland,HH43,UP43,69,no,0,BLGR,a,0,,1,1
06/03/2024,2024,7:10,0,HH43,7,control-closed,wetland,HH43,UP43,69,no,0,NOMO,a,0,,1,1
06/03/2024,2024,7:10,0,HH43,7,control-closed,wetland,HH43,UP43,69,no,0,EATO,a,0,,1,1
06/03/2024,2024,7:35,0,UP02,4,none,upland,UP02,HH02,70,no,0,OROR,a,,1,,1
06/03/2024,2024,7:35,0,UP02,4,none,upland,UP02,HH02,70,no,0,NOCA,a,,1,2,3
06/03/2024,2024,7:35,0,UP02,4,none,upland,UP02,HH02,70,no,0,COYE,a,,2,1,3
06/03/2024,2024,7:35,0,UP02,4,none,upland,UP02,HH02,70,no,0,SUTA,a,,2,,2
06/03/2024,2024,7:35,0,UP02,4,none,upland,UP02,HH02,70,no,0,BLJA,a,,,1,1
06/03/2024,2024,7:35,0,UP02,4,none,upland,UP02,HH02,70,no,0,INBU,a,,,2,2
06/03/2024,2024,7:35,0,UP02,4,none,upland,UP02,HH02,70,no,0,NOPA,a,,,1,1
06/03/2024,2024,7:35,0,UP02,4,none,upland,UP02,HH02,70,no,0,TUTI,a,,,1,1
06/03/2024,2024,8:05,0,HH22,2,hack-squirt,wetland,HH22,UP22,72,no,0,BGGN,v,1,1,,1
06/03/2024,2024,8:05,0,HH22,2,hack-squirt,wetland,HH22,UP22,72,no,0,CARW,a,0,,1,1
06/03/2024,2024,8:05,0,HH22,2,hack-squirt,wetland,HH22,UP22,72,no,0,PIWA,a,0,,2,2
06/03/2024,2024,8:05,0,HH22,2,hack-squirt,wetland,HH22,UP22,72,no,0,COYE,a,0,,2,2
06/03/2024,2024,8:05,0,HH22,2,hack-squirt,wetland,HH22,UP22,72,no,0,REVI,a,1,1,,1
06/03/2024,2024,8:05,0,HH22,2,hack-squirt,wetland,HH22,UP22,72,no,0,CHSP,a,0,,1,1
06/03/2024,2024,8:05,0,HH22,2,hack-squirt,wetland,HH22,UP22,72,no,0,EABL,a,0,,1,1
06/03/2024,2024,8:05,0,HH22,2,hack-squirt,wetland,HH22,UP22,72,no,0,RBWO,a,0,,1,1
06/03/2024,2024,8:20,0,UP49,3,none,upland,UP49,HH49,73,no,0,EATO,a,,,1,1
06/03/2024,2024,8:20,0,UP49,3,none,upland,UP49,HH49,73,no,0,YTWA,a,,,1,1
06/03/2024,2024,8:20,0,UP49,3,none,upland,UP49,HH49,73,no,0,YTWA,v,,,1,1
06/03/2024,2024,8:20,0,UP49,3,none,upland,UP49,HH49,73,no,0,NOCA,a,,1,,1
06/03/2024,2024,8:20,0,UP49,3,none,upland,UP49,HH49,73,no,0,RBWO,a,,1,,1
06/03/2024,2024,8:20,0,UP49,3,none,upland,UP49,HH49,73,no,0,RBWO,v,,,1,1
06/03/2024,2024,8:20,0,UP49,3,none,upland,UP49,HH49,73,no,0,INBU,a,,,1,1
06/03/2024,2024,8:40,0,HH60,1,control-closed,wetland,HH60,UP60,74,no,0,NOMO,a,0,,1,1
06/03/2024,2024,8:40,0,HH60,1,control-closed,wetland,HH60,UP60,74,no,0,GCFL,a,1,2,,2
06/03/2024,2024,8:40,0,HH60,1,control-closed,wetland,HH60,UP60,74,no,0,RBWO,a,0,,1,1
06/03/2024,2024,8:40,0,HH60,1,control-closed,wetland,HH60,UP60,74,no,0,COYE,a,0,,1,1
06/03/2024,2024,8:40,0,HH60,1,control-closed,wetland,HH60,UP60,74,no,0,EAWP,a,0,,1,1
06/03/2024,2024,8:40,0,HH60,1,control-closed,wetland,HH60,UP60,74,no,0,PIWA,a,0,1,,1
06/03/2024,2024,8:40,0,HH60,1,control-closed,wetland,HH60,UP60,74,no,0,CARW,a,1,1,,1
06/03/2024,2024,8:40,0,HH60,1,control-closed,wetland,HH60,UP60,74,no,0,BLJA,a,0,,1,1
06/03/2024,2024,8:40,0,HH60,1,control-closed,wetland,HH60,UP60,74,no,0,NOCA,a,0,1,,1
06/03/2024,2024,8:55,0,HH07,4,cut-leave,wetland,HH07,UP07,75,no,1.4,COYE,a,0,,1,1
06/03/2024,2024,8:55,0,HH07,4,cut-leave,wetland,HH07,UP07,75,no,1.4,EAWP,a,0,,2,2
06/03/2024,2024,8:55,0,HH07,4,cut-leave,wetland,HH07,UP07,75,no,1.4,PIWA,a,0,,1,1
06/03/2024,2024,8:55,0,HH07,4,cut-leave,wetland,HH07,UP07,75,no,1.4,RBWO,a,0,,1,1
06/03/2024,2024,8:55,0,HH07,4,cut-leave,wetland,HH07,UP07,75,no,1.4,BGGN,v,1,1,,1
06/03/2024,2024,8:55,0,HH07,4,cut-leave,wetland,HH07,UP07,75,no,1.4,TUTI,a,0,,1,1
06/03/2024,2024,8:55,0,HH07,4,cut-leave,wetland,HH07,UP07,75,no,1.4,INBU,a,0,,1,1
06/03/2024,2024,8:55,0,HH07,4,cut-leave,wetland,HH07,UP07,75,no,1.4,WEVI,a,0,,1,1
06/03/2024,2024,8:55,0,HH07,4,cut-leave,wetland,HH07,UP07,75,no,1.4,CACH,a,0,,1,1
06/04/2024,2024,6:40,0,HH34,1,control-open,wetland,HH34,UP34,69,no,0,COYE,a,0,1,,1
06/04/2024,2024,6:40,0,HH34,1,control-open,wetland,HH34,UP34,69,no,0,EAWP,a,0,,1,1
06/04/2024,2024,6:40,0,HH34,1,control-open,wetland,HH34,UP34,69,no,0,BGGN,v,1,1,,1
06/04/2024,2024,6:40,0,HH34,1,control-open,wetland,HH34,UP34,69,no,0,GCFL,a,0,1,,1
06/04/2024,2024,6:40,0,HH34,1,control-open,wetland,HH34,UP34,69,no,0,RBWO,a,0,,1,1
06/04/2024,2024,6:40,0,HH34,1,control-open,wetland,HH34,UP34,69,no,0,LAGU,v,1,31,,31
06/04/2024,2024,6:40,0,HH34,1,control-open,wetland,HH34,UP34,69,no,0,BACS,a,0,2,,2
06/04/2024,2024,6:40,0,HH34,1,control-open,wetland,HH34,UP34,69,no,0,OROR,a,0,1,,1
06/04/2024,2024,6:40,0,HH34,1,control-open,wetland,HH34,UP34,69,no,0,NOMO,a,0,,1,1
06/04/2024,2024,6:40,0,HH34,1,control-open,wetland,HH34,UP34,69,no,0,REVI,a,1,1,,1
06/04/2024,2024,6:40,0,HH34,1,control-open,wetland,HH34,UP34,69,no,0,BLGR,a,0,1,,1
06/04/2024,2024,7:00,0,UP05,4,none,upland,UP05,HH05,69,no,0,CARW,a,,1,,1
06/04/2024,2024,7:00,0,UP05,4,none,upland,UP05,HH05,69,no,0,EAKI,v,,,1,1
06/04/2024,2024,7:00,0,UP05,4,none,upland,UP05,HH05,69,no,0,GCFL,a,,,1,1
06/04/2024,2024,7:00,0,UP05,4,none,upland,UP05,HH05,69,no,0,BLGR,a,,1,,1
06/04/2024,2024,7:00,0,UP05,4,none,upland,UP05,HH05,69,no,0,PIWA,a,,,1,1
06/04/2024,2024,7:00,0,UP05,4,none,upland,UP05,HH05,69,no,0,COYE,a,,,2,2
06/04/2024,2024,7:00,0,UP05,4,none,upland,UP05,HH05,69,no,0,EATO,a,,,2,2
06/04/2024,2024,7:00,0,UP05,4,none,upland,UP05,HH05,69,no,0,EAWP,a,,,1,1
06/04/2024,2024,7:00,0,UP05,4,none,upland,UP05,HH05,69,no,0,BGGN,a,,,1,1
06/04/2024,2024,7:00,0,UP05,4,none,upland,UP05,HH05,69,no,0,BLJA,a,,,1,1
06/04/2024,2024,7:20,0,HH46,7,control-open,wetland,HH46,UP46,70,no,0,BGGN,v,1,3,,3
06/04/2024,2024,7:20,0,HH46,7,control-open,wetland,HH46,UP46,70,no,0,COYE,a,0,,1,1
06/04/2024,2024,7:20,0,HH46,7,control-open,wetland,HH46,UP46,70,no,0,CACH,a,0,1,,1
06/04/2024,2024,7:20,0,HH46,7,control-open,wetland,HH46,UP46,70,no,0,NOBO,a,0,1,,1
06/04/2024,2024,7:20,0,HH46,7,control-open,wetland,HH46,UP46,70,no,0,CARW,a,0,1,1,2
06/04/2024,2024,7:20,0,HH46,7,control-open,wetland,HH46,UP46,70,no,0,YBCH,a,0,1,,1
06/04/2024,2024,7:20,0,HH46,7,control-open,wetland,HH46,UP46,70,no,0,SUTA,a,0,1,,1
06/04/2024,2024,7:20,0,HH46,7,control-open,wetland,HH46,UP46,70,no,0,EATO,a,0,1,,1
06/04/2024,2024,7:20,0,HH46,7,control-open,wetland,HH46,UP46,70,no,0,NOCA,a,0,,1,1
06/04/2024,2024,7:30,0,UP46,7,none,upland,UP46,HH46,70,no,0,COYE,a,,,1,1
06/04/2024,2024,7:30,0,UP46,7,none,upland,UP46,HH46,70,no,0,NOFL,a,,,1,1
06/04/2024,2024,7:30,0,UP46,7,none,upland,UP46,HH46,70,no,0,YBCH,a,,1,,1
06/04/2024,2024,7:30,0,UP46,7,none,upland,UP46,HH46,70,no,0,NOMO,a,,,1,1
06/04/2024,2024,7:30,0,UP46,7,none,upland,UP46,HH46,70,no,0,NOBO,a,,,1,1
06/04/2024,2024,7:30,0,UP46,7,none,upland,UP46,HH46,70,no,0,RBWO,a,,,1,1
06/04/2024,2024,7:30,0,UP46,7,none,upland,UP46,HH46,70,no,0,TUTI,a,,1,,1
06/04/2024,2024,7:30,0,UP46,7,none,upland,UP46,HH46,70,no,0,MODO,a,,,2,2
06/04/2024,2024,7:30,0,UP46,7,none,upland,UP46,HH46,70,no,0,BLJA,a,,,1,1
06/04/2024,2024,7:30,0,UP46,7,none,upland,UP46,HH46,70,no,0,PIWA,a,,1,1,2
06/04/2024,2024,7:30,0,UP46,7,none,upland,UP46,HH46,70,no,0,INBU,a,,1,,1
06/04/2024,2024,7:30,0,UP46,7,none,upland,UP46,HH46,70,no,0,REVI,a,,1,,1
06/04/2024,2024,7:45,0,UP60,1,none,upland,UP60,HH60,72,no,0,BACS,a,,2,,2
06/04/2024,2024,7:45,0,UP60,1,none,upland,UP60,HH60,72,no,0,CARW,a,,,1,1
06/04/2024,2024,7:45,0,UP60,1,none,upland,UP60,HH60,72,no,0,EAWP,a,,,1,1
06/04/2024,2024,7:45,0,UP60,1,none,upland,UP60,HH60,72,no,0,BLJA,a,,,1,1
06/04/2024,2024,7:45,0,UP60,1,none,upland,UP60,HH60,72,no,0,BRTH,v,,1,,1
06/04/2024,2024,7:45,0,UP60,1,none,upland,UP60,HH60,72,no,0,RBWO,a,,,1,1
06/04/2024,2024,7:45,0,UP60,1,none,upland,UP60,HH60,72,no,0,NOMO,a,,,1,1
06/04/2024,2024,7:45,0,UP60,1,none,upland,UP60,HH60,72,no,0,PIWA,a,,1,,1
06/04/2024,2024,7:45,0,UP60,1,none,upland,UP60,HH60,72,no,0,BGGN,a,,,1,1
06/04/2024,2024,7:45,0,UP60,1,none,upland,UP60,HH60,72,no,0,COYE,a,,,1,1
06/04/2024,2024,7:45,0,UP60,1,none,upland,UP60,HH60,72,no,0,TUTI,a,,,1,1
06/04/2024,2024,7:45,0,UP60,1,none,upland,UP60,HH60,72,no,0,PIWO,a,,,1,1
06/04/2024,2024,8:00,0,UP33,1,none,upland,UP33,HH33,73,no,0,NOMO,a,,1,1,2
06/04/2024,2024,8:00,0,UP33,1,none,upland,UP33,HH33,73,no,0,COYE,a,,,1,1
06/04/2024,2024,8:00,0,UP33,1,none,upland,UP33,HH33,73,no,0,BACS,a,,,1,1
06/04/2024,2024,8:00,0,UP33,1,none,upland,UP33,HH33,73,no,0,CARW,a,,,1,1
06/04/2024,2024,8:00,0,UP33,1,none,upland,UP33,HH33,73,no,0,PIWA,a,,,1,1
06/04/2024,2024,8:00,0,UP33,1,none,upland,UP33,HH33,73,no,0,BLJA,a,,,1,1
06/04/2024,2024,8:00,0,UP33,1,none,upland,UP33,HH33,73,no,0,BGGN,v,,1,1,2
06/04/2024,2024,8:00,0,UP33,1,none,upland,UP33,HH33,73,no,0,RBWO,a,,,1,1
06/04/2024,2024,8:00,0,UP33,1,none,upland,UP33,HH33,73,no,0,EAWP,a,,,1,1
06/04/2024,2024,8:15,0,UP22,2,none,upland,UP22,HH22,73,no,0,COYE,a,,,2,2
06/04/2024,2024,8:15,0,UP22,2,none,upland,UP22,HH22,73,no,0,BGGN,a,,1,,1
06/04/2024,2024,8:15,0,UP22,2,none,upland,UP22,HH22,73,no,0,INBU,a,,,1,1
06/04/2024,2024,8:15,0,UP22,2,none,upland,UP22,HH22,73,no,0,PIWA,a,,,1,1
06/04/2024,2024,8:15,0,UP22,2,none,upland,UP22,HH22,73,no,0,DOWO,v,,1,,1
06/04/2024,2024,8:15,0,UP22,2,none,upland,UP22,HH22,73,no,0,CARW,a,,,1,1
06/04/2024,2024,8:15,0,UP22,2,none,upland,UP22,HH22,73,no,0,NOCA,a,,,1,1
06/04/2024,2024,8:15,0,UP22,2,none,upland,UP22,HH22,73,no,0,RBWO,a,,,1,1
06/04/2024,2024,8:15,0,UP22,2,none,upland,UP22,HH22,73,no,0,OROR,a,,,1,1
06/04/2024,2024,8:15,0,UP22,2,none,upland,UP22,HH22,73,no,0,EABL,a,,,1,1
06/04/2024,2024,8:30,0,UP14,2,none,upland,UP14,HH14,75,no,2.1,PIWA,a,,1,1,2
06/04/2024,2024,8:30,0,UP14,2,none,upland,UP14,HH14,75,no,2.1,RWBL,a,,,1,1
06/04/2024,2024,8:30,0,UP14,2,none,upland,UP14,HH14,75,no,2.1,LAGU,v,,,6,6
06/04/2024,2024,8:30,0,UP14,2,none,upland,UP14,HH14,75,no,2.1,WBNU,a,,,1,1
06/04/2024,2024,8:30,0,UP14,2,none,upland,UP14,HH14,75,no,2.1,BHNU,a,,1,,1
06/04/2024,2024,8:30,0,UP14,2,none,upland,UP14,HH14,75,no,2.1,NOCA,a,,,1,1
06/04/2024,2024,8:30,0,UP14,2,none,upland,UP14,HH14,75,no,2.1,NOPA,a,,,1,1
06/04/2024,2024,8:30,0,UP14,2,none,upland,UP14,HH14,75,no,2.1,COYE,a,,,1,1
06/04/2024,2024,8:30,0,UP14,2,none,upland,UP14,HH14,75,no,2.1,BLJA,a,,,1,1
06/04/2024,2024,8:30,0,UP14,2,none,upland,UP14,HH14,75,no,2.1,PRAW,a,,,1,1
06/04/2024,2024,8:30,0,UP14,2,none,upland,UP14,HH14,75,no,2.1,CHSP,a,,,1,1
06/04/2024,2024,8:45,0,UP07,4,none,upland,UP07,HH07,76,no,0,COYE,a,,1,1,2
06/04/2024,2024,8:45,0,UP07,4,none,upland,UP07,HH07,76,no,0,EAWP,a,,,1,1
06/04/2024,2024,8:45,0,UP07,4,none,upland,UP07,HH07,76,no,0,TUTI,a,,,1,1
06/04/2024,2024,8:45,0,UP07,4,none,upland,UP07,HH07,76,no,0,BACS,a,,,1,1
06/04/2024,2024,8:45,0,UP07,4,none,upland,UP07,HH07,76,no,0,SUTA,a,,,1,1
06/04/2024,2024,8:45,0,UP07,4,none,upland,UP07,HH07,76,no,0,BGGN,a,,3,,3
06/04/2024,2024,8:45,0,UP07,4,none,upland,UP07,HH07,76,no,0,PIWA,a,,,1,1
06/04/2024,2024,8:45,0,UP07,4,none,upland,UP07,HH07,76,no,0,INBU,a,,,1,1
06/04/2024,2024,8:45,0,UP07,4,none,upland,UP07,HH07,76,no,0,RBWO,a,,,1,1
06/04/2024,2024,8:45,0,UP07,4,none,upland,UP07,HH07,76,no,0,EATO,a,,,1,1
06/04/2024,2024,8:45,0,UP07,4,none,upland,UP07,HH07,76,no,0,BHNU,a,,,1,1
06/04/2024,2024,8:45,0,UP07,4,none,upland,UP07,HH07,76,no,0,WBNU,a,,,1,1
06/05/2024,2024,6:50,0,UP13,1,none,upland,UP13,HH13,70,no,1.3,BGGN,a,,2,,2
06/05/2024,2024,6:50,0,UP13,1,none,upland,UP13,HH13,70,no,1.3,OROR,a,,1,,1
06/05/2024,2024,6:50,0,UP13,1,none,upland,UP13,HH13,70,no,1.3,CARW,a,,1,1,2
06/05/2024,2024,6:50,0,UP13,1,none,upland,UP13,HH13,70,no,1.3,NOPA,a,,,1,1
06/05/2024,2024,6:50,0,UP13,1,none,upland,UP13,HH13,70,no,1.3,NOMO,a,,,2,2
06/05/2024,2024,6:50,0,UP13,1,none,upland,UP13,HH13,70,no,1.3,TUTI,a,,,1,1
06/05/2024,2024,6:50,0,UP13,1,none,upland,UP13,HH13,70,no,1.3,EAWP,a,,,1,1
06/05/2024,2024,6:50,0,UP13,1,none,upland,UP13,HH13,70,no,1.3,RBWO,a,,,1,1
06/05/2024,2024,6:50,0,UP13,1,none,upland,UP13,HH13,70,no,1.3,NOCA,a,,,1,1
06/05/2024,2024,6:50,0,UP13,1,none,upland,UP13,HH13,70,no,1.3,PIWA,a,,,2,2
06/05/2024,2024,6:50,0,UP13,1,none,upland,UP13,HH13,70,no,1.3,GCFL,a,,,1,1
06/05/2024,2024,6:50,0,UP13,1,none,upland,UP13,HH13,70,no,1.3,COYE,a,,,1,1
06/05/2024,2024,6:50,0,UP13,1,none,upland,UP13,HH13,70,no,1.3,BLGR,a,,1,,1
06/05/2024,2024,6:50,0,UP13,1,none,upland,UP13,HH13,70,no,1.3,BLJA,a,,,1,1
06/05/2024,2024,7:05,0,HH15,2,control-closed,wetland,HH15,UP15,71,no,0.9,BHCO,a,0,1,,1
06/05/2024,2024,7:05,0,HH15,2,control-closed,wetland,HH15,UP15,71,no,0.9,CARW,a,0,,1,1
06/05/2024,2024,7:05,0,HH15,2,control-closed,wetland,HH15,UP15,71,no,0.9,EAWP,a,0,,1,1
06/05/2024,2024,7:05,0,HH15,2,control-closed,wetland,HH15,UP15,71,no,0.9,COYE,a,0,,1,1
06/05/2024,2024,7:05,0,HH15,2,control-closed,wetland,HH15,UP15,71,no,0.9,BACS,a,0,,2,2
06/05/2024,2024,7:05,0,HH15,2,control-closed,wetland,HH15,UP15,71,no,0.9,GCFL,a,0,,1,1
06/05/2024,2024,7:05,0,HH15,2,control-closed,wetland,HH15,UP15,71,no,0.9,TUTI,a,0,,1,1
06/05/2024,2024,7:05,0,HH15,2,control-closed,wetland,HH15,UP15,71,no,0.9,DOWO,a,0,,1,1
06/05/2024,2024,7:05,0,HH15,2,control-closed,wetland,HH15,UP15,71,no,0.9,NOCA,a,0,,1,1
06/05/2024,2024,7:05,0,HH15,2,control-closed,wetland,HH15,UP15,71,no,0.9,RBWO,a,0,,1,1
06/05/2024,2024,7:05,0,HH15,2,control-closed,wetland,HH15,UP15,71,no,0.9,BGGN,a,0,1,,1
06/05/2024,2024,7:20,0,HH05,4,control-open,wetland,HH05,UP05,72,yes,0,COYE,a,0,,1,1
06/05/2024,2024,7:20,0,HH05,4,control-open,wetland,HH05,UP05,72,yes,0,CARW,a,0,,1,1
06/05/2024,2024,7:20,0,HH05,4,control-open,wetland,HH05,UP05,72,yes,0,EATO,a,0,,1,1
06/05/2024,2024,7:20,0,HH05,4,control-open,wetland,HH05,UP05,72,yes,0,EAWP,a,0,,2,2
06/05/2024,2024,7:20,0,HH05,4,control-open,wetland,HH05,UP05,72,yes,0,SUTA,a,0,2,,
06/05/2024,2024,7:20,0,HH05,4,control-open,wetland,HH05,UP05,72,yes,0,SUTA,v,0,,2,2
06/05/2024,2024,7:20,0,HH05,4,control-open,wetland,HH05,UP05,72,yes,0,PUMA,a,0,,1,1
06/05/2024,2024,7:20,0,HH05,4,control-open,wetland,HH05,UP05,72,yes,0,RBWO,a,0,,1,1
06/05/2024,2024,7:20,0,HH05,4,control-open,wetland,HH05,UP05,72,yes,0,NOCA,a,0,,1,1
06/05/2024,2024,7:20,0,HH05,4,control-open,wetland,HH05,UP05,72,yes,0,BACS,a,0,,3,3
06/05/2024,2024,7:35,0,HH14,2,cut-remove,wetland,HH14,UP14,73,no,1.8,NOCA,a,0,,1,1
06/05/2024,2024,7:35,0,HH14,2,cut-remove,wetland,HH14,UP14,73,no,1.8,COYE,a,0,,1,1
06/05/2024,2024,7:35,0,HH14,2,cut-remove,wetland,HH14,UP14,73,no,1.8,GCFL,a,0,,3,3
06/05/2024,2024,7:35,0,HH14,2,cut-remove,wetland,HH14,UP14,73,no,1.8,BHNU,a,0,2,1,3
06/05/2024,2024,7:35,0,HH14,2,cut-remove,wetland,HH14,UP14,73,no,1.8,PRAW,a,0,,1,1
06/05/2024,2024,7:35,0,HH14,2,cut-remove,wetland,HH14,UP14,73,no,1.8,CHSP,a,0,,1,1
06/05/2024,2024,7:35,0,HH14,2,cut-remove,wetland,HH14,UP14,73,no,1.8,NOMO,a,0,,1,1
06/05/2024,2024,7:35,0,HH14,2,cut-remove,wetland,HH14,UP14,73,no,1.8,BLGR,a,0,,1,1
06/05/2024,2024,7:35,0,HH14,2,cut-remove,wetland,HH14,UP14,73,no,1.8,TUTI,a,0,,1,1
06/05/2024,2024,7:35,0,HH14,2,cut-remove,wetland,HH14,UP14,73,no,1.8,PIWA,a,0,1,,1
06/05/2024,2024,7:55,0,UP46,7,none,upland,UP46,HH46,75,no,0,NOMO,a,,,1,1
06/05/2024,2024,7:55,0,UP46,7,none,upland,UP46,HH46,75,no,0,COYE,a,,,1,1
06/05/2024,2024,7:55,0,UP46,7,none,upland,UP46,HH46,75,no,0,BGGN,a,,,1,1
06/05/2024,2024,7:55,0,UP46,7,none,upland,UP46,HH46,75,no,0,BRTH,a,,,1,1
06/05/2024,2024,7:55,0,UP46,7,none,upland,UP46,HH46,75,no,0,DOWO,a,,,1,1
06/05/2024,2024,7:55,0,UP46,7,none,upland,UP46,HH46,75,no,0,EATO,a,,,1,1
06/05/2024,2024,7:55,0,UP46,7,none,upland,UP46,HH46,75,no,0,TUTI,a,,,1,1
06/05/2024,2024,7:55,0,UP46,7,none,upland,UP46,HH46,75,no,0,BLJA,a,,,1,1
06/05/2024,2024,7:55,0,UP46,7,none,upland,UP46,HH46,75,no,0,CACH,a,,,1,1
06/05/2024,2024,7:55,0,UP46,7,none,upland,UP46,HH46,75,no,0,PIWO,a,,,1,1
06/05/2024,2024,7:55,0,UP46,7,none,upland,UP46,HH46,75,no,0,MAWR,a,,,1,1
06/05/2024,2024,8:10,0,HH48,3,control-open,wetland,HH48,UP48,76,yes,0.8,RBWO,a,1,2,,2
06/05/2024,2024,8:10,0,HH48,3,control-open,wetland,HH48,UP48,76,yes,0.8,EAWP,a,0,,1,1
06/05/2024,2024,8:10,0,HH48,3,control-open,wetland,HH48,UP48,76,yes,0.8,COYE,a,1,3,,3
06/05/2024,2024,8:10,0,HH48,3,control-open,wetland,HH48,UP48,76,yes,0.8,MODO,a,0,,1,1
06/05/2024,2024,8:10,0,HH48,3,control-open,wetland,HH48,UP48,76,yes,0.8,BGGN,a,0,,1,1
06/05/2024,2024,8:10,0,HH48,3,control-open,wetland,HH48,UP48,76,yes,0.8,CARW,a,0,,1,1
06/05/2024,2024,8:10,0,HH48,3,control-open,wetland,HH48,UP48,76,yes,0.8,NOFL,a,0,,1,1
06/05/2024,2024,8:10,0,HH48,3,control-open,wetland,HH48,UP48,76,yes,0.8,NOCA,a,0,,2,
06/05/2024,2024,8:10,0,HH48,3,control-open,wetland,HH48,UP48,76,yes,0.8,NOCA,v,1,2,,2
06/05/2024,2024,8:10,0,HH48,3,control-open,wetland,HH48,UP48,76,yes,0.8,PIWA,a,0,,1,1
06/05/2024,2024,8:25,0,HH60,1,control-open,wetland,HH60,UP60,76,no,2.4,COYE,a,0,,1,1
06/05/2024,2024,8:25,0,HH60,1,control-open,wetland,HH60,UP60,76,no,2.4,EAWP,a,0,,1,1
06/05/2024,2024,8:25,0,HH60,1,control-open,wetland,HH60,UP60,76,no,2.4,PIWA,a,0,,1,1
06/05/2024,2024,8:25,0,HH60,1,control-open,wetland,HH60,UP60,76,no,2.4,NOMO,v,1,1,,1
06/05/2024,2024,8:25,0,HH60,1,control-open,wetland,HH60,UP60,76,no,2.4,BLGR,a,1,1,,
06/05/2024,2024,8:25,0,HH60,1,control-open,wetland,HH60,UP60,76,no,2.4,BLGR,v,1,,1,1
06/05/2024,2024,8:25,0,HH60,1,control-open,wetland,HH60,UP60,76,no,2.4,CARW,a,0,,1,1
06/05/2024,2024,8:25,0,HH60,1,control-open,wetland,HH60,UP60,76,no,2.4,RBWO,a,0,,1,1
06/05/2024,2024,8:25,0,HH60,1,control-open,wetland,HH60,UP60,76,no,2.4,OROR,a,0,,1,1
06/05/2024,2024,8:40,0,UP34,1,none,upland,UP34,HH34,77,no,3.2,COYE,a,,,1,1
06/05/2024,2024,8:40,0,UP34,1,none,upland,UP34,HH34,77,no,3.2,BACS,a,,3,,3
06/05/2024,2024,8:40,0,UP34,1,none,upland,UP34,HH34,77,no,3.2,EAWP,a,,,1,1
06/05/2024,2024,8:40,0,UP34,1,none,upland,UP34,HH34,77,no,3.2,CHSP,a,,1,,1
06/05/2024,2024,8:40,0,UP34,1,none,upland,UP34,HH34,77,no,3.2,RBWO,a,,1,,1
06/05/2024,2024,8:40,0,UP34,1,none,upland,UP34,HH34,77,no,3.2,PIWA,a,,,1,1
06/05/2024,2024,8:40,0,UP34,1,none,upland,UP34,HH34,77,no,3.2,NOMO,a,,,1,1
06/05/2024,2024,8:40,0,UP34,1,none,upland,UP34,HH34,77,no,3.2,EATO,a,,,1,1
06/11/2024,2024,6:45,0,HH50,3,control-open,wetland,HH50,UP50,73,no,0,CARW,a,0,1,,1
06/11/2024,2024,6:45,0,HH50,3,control-open,wetland,HH50,UP50,73,no,0,BHNU,a,1,1,,1
06/11/2024,2024,6:45,0,HH50,3,control-open,wetland,HH50,UP50,73,no,0,NOCA,a,1,1,,1
06/11/2024,2024,6:45,0,HH50,3,control-open,wetland,HH50,UP50,73,no,0,BACS,a,0,,2,2
06/11/2024,2024,6:45,0,HH50,3,control-open,wetland,HH50,UP50,73,no,0,GCFL,a,0,,1,1
06/11/2024,2024,6:45,0,HH50,3,control-open,wetland,HH50,UP50,73,no,0,EATO,a,1,1,,1
06/11/2024,2024,6:45,0,HH50,3,control-open,wetland,HH50,UP50,73,no,0,AMCR,a,0,,1,1
06/11/2024,2024,6:45,0,HH50,3,control-open,wetland,HH50,UP50,73,no,0,PIWA,a,0,,1,1
06/11/2024,2024,6:45,0,HH50,3,control-open,wetland,HH50,UP50,73,no,0,WBNU,a,1,1,,1
06/11/2024,2024,7:00,0,UP45,7,none,upland,UP45,HH45,71,no,0,CARW,a,,,1,1
06/11/2024,2024,7:00,0,UP45,7,none,upland,UP45,HH45,71,no,0,COYE,a,,1,,1
06/11/2024,2024,7:00,0,UP45,7,none,upland,UP45,HH45,71,no,0,EAWP,a,,,1,1
06/11/2024,2024,7:00,0,UP45,7,none,upland,UP45,HH45,71,no,0,INBU,a,,,2,2
06/11/2024,2024,7:00,0,UP45,7,none,upland,UP45,HH45,71,no,0,BHCO,a,,1,,1
06/11/2024,2024,7:00,0,UP45,7,none,upland,UP45,HH45,71,no,0,HOFI,a,,1,,1
06/11/2024,2024,7:00,0,UP45,7,none,upland,UP45,HH45,71,no,0,YBCH,a,,1,,1
06/11/2024,2024,7:00,0,UP45,7,none,upland,UP45,HH45,71,no,0,NOCA,a,,1,1,2
06/11/2024,2024,7:00,0,UP45,7,none,upland,UP45,HH45,71,no,0,CHSP,a,,1,,1
06/11/2024,2024,7:00,0,UP45,7,none,upland,UP45,HH45,71,no,0,BLGR,v,,,1,1
06/11/2024,2024,7:00,0,UP45,7,none,upland,UP45,HH45,71,no,0,DOWO,a,,,1,1
06/11/2024,2024,7:15,0,UP50,3,none,upland,UP50,HH50,70,no,1,PIWA,a,,1,,0
06/11/2024,2024,7:15,0,UP50,3,none,upland,UP50,HH50,70,no,1,BBWD,v,,2,,0
06/11/2024,2024,7:15,0,UP50,3,none,upland,UP50,HH50,70,no,1,NOCA,a,,,1,1
06/11/2024,2024,7:15,0,UP50,3,none,upland,UP50,HH50,70,no,1,COYE,a,,,1,1
06/11/2024,2024,7:15,0,UP50,3,none,upland,UP50,HH50,70,no,1,GREG,v,,1,,0
06/11/2024,2024,7:15,0,UP50,3,none,upland,UP50,HH50,70,no,1,GCFL,a,,,2,2
06/11/2024,2024,7:15,0,UP50,3,none,upland,UP50,HH50,70,no,1,RBWO,a,,,1,1
06/11/2024,2024,7:15,0,UP50,3,none,upland,UP50,HH50,70,no,1,CARW,a,,,1,1
06/11/2024,2024,7:15,0,UP50,3,none,upland,UP50,HH50,70,no,1,INBU,a,,,2,2
06/11/2024,2024,7:30,0,HH46,7,control-open,wetland,HH46,UP46,70,no,0,COYE,a,1,2,,2
06/11/2024,2024,7:30,0,HH46,7,control-open,wetland,HH46,UP46,70,no,0,NOMO,a,0,,1,1
06/11/2024,2024,7:30,0,HH46,7,control-open,wetland,HH46,UP46,70,no,0,EATO,a,0,,2,2
06/11/2024,2024,7:30,0,HH46,7,control-open,wetland,HH46,UP46,70,no,0,RBWO,a,0,,1,1
06/11/2024,2024,7:30,0,HH46,7,control-open,wetland,HH46,UP46,70,no,0,BGGN,a,0,1,,1
06/11/2024,2024,7:30,0,HH46,7,control-open,wetland,HH46,UP46,70,no,0,SUTA,a,1,1,,1
06/11/2024,2024,7:30,0,HH46,7,control-open,wetland,HH46,UP46,70,no,0,EABL,a,1,1,,1
06/11/2024,2024,7:30,0,HH46,7,control-open,wetland,HH46,UP46,70,no,0,REVI,a,1,1,,1
06/11/2024,2024,7:45,0,HH45,7,control-open,wetland,HH45,UP45,70,no,0.9,RHWO,a,0,2,,2
06/11/2024,2024,7:45,0,HH45,7,control-open,wetland,HH45,UP45,70,no,0.9,EATO,a,0,,2,2
06/11/2024,2024,7:45,0,HH45,7,control-open,wetland,HH45,UP45,70,no,0.9,NOMO,a,0,,1,1
06/11/2024,2024,7:45,0,HH45,7,control-open,wetland,HH45,UP45,70,no,0.9,BHCO,v,0,,2,2
06/11/2024,2024,7:45,0,HH45,7,control-open,wetland,HH45,UP45,70,no,0.9,CARW,a,0,1,,1
06/11/2024,2024,7:45,0,HH45,7,control-open,wetland,HH45,UP45,70,no,0.9,YBCH,a,0,1,,1
06/11/2024,2024,7:45,0,HH45,7,control-open,wetland,HH45,UP45,70,no,0.9,COYE,a,0,,1,1
06/11/2024,2024,8:05,0,UP04,4,none,upland,UP04,HH04,71,no,1.6,YBCH,v,,1,,1
06/11/2024,2024,8:05,0,UP04,4,none,upland,UP04,HH04,71,no,1.6,COYE,a,,3,,3
06/11/2024,2024,8:05,0,UP04,4,none,upland,UP04,HH04,71,no,1.6,EATO,a,,,1,1
06/11/2024,2024,8:05,0,UP04,4,none,upland,UP04,HH04,71,no,1.6,INBU,a,,2,,2
06/11/2024,2024,8:05,0,UP04,4,none,upland,UP04,HH04,71,no,1.6,NOMO,v,,,1,1
06/11/2024,2024,8:05,0,UP04,4,none,upland,UP04,HH04,71,no,1.6,CARW,a,,,1,1
06/11/2024,2024,8:05,0,UP04,4,none,upland,UP04,HH04,71,no,1.6,CHSP,a,,,1,1
06/11/2024,2024,8:05,0,UP04,4,none,upland,UP04,HH04,71,no,1.6,NOCA,a,,,1,1
06/11/2024,2024,8:20,0,UP48,3,none,upland,UP48,HH48,,no,0,PIWA,a,,2,,2
06/11/2024,2024,8:20,0,UP48,3,none,upland,UP48,HH48,,no,0,BGGN,a,,1,,1
06/11/2024,2024,8:20,0,UP48,3,none,upland,UP48,HH48,,no,0,NOCA,v,,,2,2
06/11/2024,2024,8:20,0,UP48,3,none,upland,UP48,HH48,,no,0,BACS,a,,1,,1
06/11/2024,2024,8:20,0,UP48,3,none,upland,UP48,HH48,,no,0,EATO,a,,,1,1
06/11/2024,2024,8:20,0,UP48,3,none,upland,UP48,HH48,,no,0,COYE,a,,,1,1
06/11/2024,2024,8:20,0,UP48,3,none,upland,UP48,HH48,,no,0,RBWO,a,,,1,1
06/11/2024,2024,8:20,0,UP48,3,none,upland,UP48,HH48,,no,0,INBU,a,,,1,1
06/11/2024,2024,8:20,0,UP48,3,none,upland,UP48,HH48,,no,0,EABL,v,,,1,1
06/11/2024,2024,8:40,0,UP17,2,none,upland,UP17,HH17,72,no,2.2,PIWA,a,,,1,1
06/11/2024,2024,8:40,0,UP17,2,none,upland,UP17,HH17,72,no,2.2,BHNU,a,,,1,1
06/11/2024,2024,8:40,0,UP17,2,none,upland,UP17,HH17,72,no,2.2,CARW,a,,,1,1
06/11/2024,2024,8:40,0,UP17,2,none,upland,UP17,HH17,72,no,2.2,NOCA,a,,,1,1
06/11/2024,2024,8:40,0,UP17,2,none,upland,UP17,HH17,72,no,2.2,CHSP,a,,,2,2
06/11/2024,2024,8:40,0,UP17,2,none,upland,UP17,HH17,72,no,2.2,LAGU,v,,2,,2
06/11/2024,2024,9:00,0,HH02,4,cut-leave,wetland,HH02,UP02,72,no,0,CARW,a,0,,1,1
06/11/2024,2024,9:00,0,HH02,4,cut-leave,wetland,HH02,UP02,72,no,0,RBWO,a,1,1,,1
06/11/2024,2024,9:00,0,HH02,4,cut-leave,wetland,HH02,UP02,72,no,0,EATO,a,0,,2,2
06/11/2024,2024,9:00,0,HH02,4,cut-leave,wetland,HH02,UP02,72,no,0,INBU,a,0,,2,2
06/11/2024,2024,9:00,0,HH02,4,cut-leave,wetland,HH02,UP02,72,no,0,PIWA,a,0,,1,1
06/11/2024,2024,9:00,0,HH02,4,cut-leave,wetland,HH02,UP02,72,no,0,NOCA,a,0,,1,1
06/11/2024,2024,9:00,0,HH02,4,cut-leave,wetland,HH02,UP02,72,no,0,CHSP,a,0,,1,1
06/11/2024,2024,9:00,0,HH02,4,cut-leave,wetland,HH02,UP02,72,no,0,COYE,a,0,,1,1
06/11/2024,2024,9:00,0,HH02,4,cut-leave,wetland,HH02,UP02,72,no,0,PIWA,a,1,2,,2
06/11/2024,2024,9:00,0,HH02,4,cut-leave,wetland,HH02,UP02,72,no,0,GCFL,a,0,1,,1
06/12/2024,2024,6:45,0,HH33,1,hack-squirt,wetland,HH33,UP33,68,no,1,COYE,a,0,,1,1
06/12/2024,2024,6:45,0,HH33,1,hack-squirt,wetland,HH33,UP33,68,no,1,NOMO,v,1,1,,1
06/12/2024,2024,6:45,0,HH33,1,hack-squirt,wetland,HH33,UP33,68,no,1,PIWA,a,0,,1,1
06/12/2024,2024,6:45,0,HH33,1,hack-squirt,wetland,HH33,UP33,68,no,1,BACS,a,0,,1,1
06/12/2024,2024,6:45,0,HH33,1,hack-squirt,wetland,HH33,UP33,68,no,1,BGN,a,1,1,,1
06/12/2024,2024,6:45,0,HH33,1,hack-squirt,wetland,HH33,UP33,68,no,1,NOBO,a,0,1,,1
06/12/2024,2024,7:00,0,UP46,7,none,upland,UP46,HH46,68,no,0,REVI,a,,,1,1
06/12/2024,2024,7:00,0,UP46,7,none,upland,UP46,HH46,68,no,0,YBCH,a,,,1,1
06/12/2024,2024,7:00,0,UP46,7,none,upland,UP46,HH46,68,no,0,BLJA,a,,,1,1
06/12/2024,2024,7:00,0,UP46,7,none,upland,UP46,HH46,68,no,0,CARW,a,,,1,1
06/12/2024,2024,7:00,0,UP46,7,none,upland,UP46,HH46,68,no,0,NOMO,a,,,1,1
06/12/2024,2024,7:00,0,UP46,7,none,upland,UP46,HH46,68,no,0,EATO,a,,,1,1
06/12/2024,2024,7:00,0,UP46,7,none,upland,UP46,HH46,68,no,0,CACH,a,,,1,1
06/12/2024,2024,7:00,0,UP46,7,none,upland,UP46,HH46,68,no,0,NOCA,a,,,1,1
06/12/2024,2024,7:00,0,UP46,7,none,upland,UP46,HH46,68,no,0,BGGN,a,,1,1,2
06/12/2024,2024,7:00,0,UP46,7,none,upland,UP46,HH46,68,no,0,COYE,a,,,1,1
06/12/2024,2024,7:00,0,UP46,7,none,upland,UP46,HH46,68,no,0,WEVI,a,,,1,1
06/12/2024,2024,7:00,0,UP46,7,none,upland,UP46,HH46,68,no,0,AMCR,a,,,1,1
06/12/2024,2024,7:15,0,HH49,3,hack-squirt,wetland,HH49,UP49,72,yes,0,BLJA,a,0,,2,2
06/12/2024,2024,7:15,0,HH49,3,hack-squirt,wetland,HH49,UP49,72,yes,0,CARW,a,0,,1,1
06/12/2024,2024,7:15,0,HH49,3,hack-squirt,wetland,HH49,UP49,72,yes,0,COYE,a,0,1,,1
06/12/2024,2024,7:15,0,HH49,3,hack-squirt,wetland,HH49,UP49,72,yes,0,NOCA,a,0,,1,1
06/12/2024,2024,7:15,0,HH49,3,hack-squirt,wetland,HH49,UP49,72,yes,0,WOST,v,1,1,,1
06/12/2024,2024,7:15,0,HH49,3,hack-squirt,wetland,HH49,UP49,72,yes,0,PIWA,a,0,1,1,2
06/12/2024,2024,7:15,0,HH49,3,hack-squirt,wetland,HH49,UP49,72,yes,0,AMCR,a,0,,1,1
06/12/2024,2024,7:15,0,HH49,3,hack-squirt,wetland,HH49,UP49,72,yes,0,TUTI,a,0,,1,1
06/12/2024,2024,7:15,0,HH49,3,hack-squirt,wetland,HH49,UP49,72,yes,0,GCFL,v,1,2,,2
06/12/2024,2024,7:15,0,HH49,3,hack-squirt,wetland,HH49,UP49,72,yes,0,REVI,v,1,1,,1
06/12/2024,2024,7:35,0,HH32,1,control-closed,wetland,HH32,UP32,70,no,1.2,GCFL,v,1,2,,2
06/12/2024,2024,7:35,0,HH32,1,control-closed,wetland,HH32,UP32,70,no,1.2,RHWO,v,1,2,,2
06/12/2024,2024,7:35,0,HH32,1,control-closed,wetland,HH32,UP32,70,no,1.2,BHNU,a,1,1,,1
06/12/2024,2024,7:35,0,HH32,1,control-closed,wetland,HH32,UP32,70,no,1.2,COYE,a,1,1,,1
06/12/2024,2024,7:35,0,HH32,1,control-closed,wetland,HH32,UP32,70,no,1.2,BGGN,a,1,1,,1
06/12/2024,2024,7:35,0,HH32,1,control-closed,wetland,HH32,UP32,70,no,1.2,MODO,a,0,,1,1
06/12/2024,2024,7:35,0,HH32,1,control-closed,wetland,HH32,UP32,70,no,1.2,BACS,v,1,1,,1
06/12/2024,2024,7:35,0,HH32,1,control-closed,wetland,HH32,UP32,70,no,1.2,CACH,v,1,1,,1
06/12/2024,2024,7:35,0,HH32,1,control-closed,wetland,HH32,UP32,70,no,1.2,YBCH,a,1,1,,1
06/12/2024,2024,7:35,0,HH32,1,control-closed,wetland,HH32,UP32,70,no,1.2,INBU,a,0,1,,1
06/12/2024,2024,7:35,0,HH32,1,control-closed,wetland,HH32,UP32,70,no,1.2,CARW,a,0,,1,1
06/12/2024,2024,7:55,0,HH17,2,cut-leave,wetland,HH17,UP17,71,no,1.8,BHCO,v,1,1,,1
06/12/2024,2024,7:55,0,HH17,2,cut-leave,wetland,HH17,UP17,71,no,1.8,NOMO,a,0,,1,1
06/12/2024,2024,7:55,0,HH17,2,cut-leave,wetland,HH17,UP17,71,no,1.8,EABL,v,1,1,,1
06/12/2024,2024,7:55,0,HH17,2,cut-leave,wetland,HH17,UP17,71,no,1.8,BHNU,a,0,1,,1
06/12/2024,2024,8:15,0,UP32,1,none,upland,UP32,HH32,73,no,2.4,NOMO,a,,,1,1
06/12/2024,2024,8:15,0,UP32,1,none,upland,UP32,HH32,73,no,2.4,RBWO,a,,,2,2
06/12/2024,2024,8:15,0,UP32,1,none,upland,UP32,HH32,73,no,2.4,BLJA,a,,,1,1
06/12/2024,2024,8:15,0,UP32,1,none,upland,UP32,HH32,73,no,2.4,COYE,a,,,1,1
06/12/2024,2024,8:15,0,UP32,1,none,upland,UP32,HH32,73,no,2.4,CACH,a,,1,,1
06/12/2024,2024,8:15,0,UP32,1,none,upland,UP32,HH32,73,no,2.4,INBU,a,,,1,1
06/12/2024,2024,8:15,0,UP32,1,none,upland,UP32,HH32,73,no,2.4,BHNU,v,,,1,1
06/12/2024,2024,8:15,0,UP32,1,none,upland,UP32,HH32,73,no,2.4,NOBO,a,,,2,2
06/12/2024,2024,8:15,0,UP32,1,none,upland,UP32,HH32,73,no,2.4,CARW,a,,,1,1
06/12/2024,2024,8:30,0,UP15,2,none,upland,UP15,HH15,74,no,1.8,EATO,a,,,2,2
06/12/2024,2024,8:30,0,UP15,2,none,upland,UP15,HH15,74,no,1.8,TUTI,a,,,1,1
06/12/2024,2024,8:30,0,UP15,2,none,upland,UP15,HH15,74,no,1.8,CHSP,a,,,1,1
06/12/2024,2024,8:30,0,UP15,2,none,upland,UP15,HH15,74,no,1.8,AMCR,a,,,1,1
06/12/2024,2024,8:30,0,UP15,2,none,upland,UP15,HH15,74,no,1.8,BGGN,a,,1,,1
06/12/2024,2024,8:30,0,UP15,2,none,upland,UP15,HH15,74,no,1.8,RHWO,v,,,1,1
06/12/2024,2024,8:30,0,UP15,2,none,upland,UP15,HH15,74,no,1.8,CONI,a,,,2,2
06/12/2024,2024,8:30,0,UP15,2,none,upland,UP15,HH15,74,no,1.8,CARW,a,,,1,1
06/12/2024,2024,8:30,0,UP15,2,none,upland,UP15,HH15,74,no,1.8,FICR,a,,,2,2
06/12/2024,2024,8:30,0,UP15,2,none,upland,UP15,HH15,74,no,1.8,CHSP,a,,,1,1
06/12/2024,2024,8:45,0,HH04,4,hack-squirt,wetland,HH04,UP04,75,no,0,CARW,a,0,1,1,2
06/12/2024,2024,8:45,0,HH04,4,hack-squirt,wetland,HH04,UP04,75,no,0,BGGN,a,1,1,,1
06/12/2024,2024,8:45,0,HH04,4,hack-squirt,wetland,HH04,UP04,75,no,0,NOCA,a,0,,1,1
06/12/2024,2024,8:45,0,HH04,4,hack-squirt,wetland,HH04,UP04,75,no,0,COYE,a,0,,2,2
06/12/2024,2024,8:45,0,HH04,4,hack-squirt,wetland,HH04,UP04,75,no,0,EATO,a,0,1,1,2
06/12/2024,2024,8:45,0,HH04,4,hack-squirt,wetland,HH04,UP04,75,no,0,EAWP,a,0,,1,1
06/12/2024,2024,8:45,0,HH04,4,hack-squirt,wetland,HH04,UP04,75,no,0,DOWO,a,0,1,,1
06/12/2024,2024,8:45,0,HH04,4,hack-squirt,wetland,HH04,UP04,75,no,0,PUMA,a,0,1,,1
06/12/2024,2024,8:45,0,HH04,4,hack-squirt,wetland,HH04,UP04,75,no,0,RCWO,v,1,1,,1
06/13/2024,2024,6:40,0,HH13,1,cut-leave,wetland,HH13,UP3,72,no,0,COYE,a,1,2,,1
06/13/2024,2024,6:40,0,HH13,1,cut-leave,wetland,HH13,UP3,72,no,0,SUTA,a,1,1,,2
06/13/2024,2024,6:40,0,HH13,1,cut-leave,wetland,HH13,UP3,72,no,0,PIWO,a,0,1,,1
06/13/2024,2024,6:40,0,HH13,1,cut-leave,wetland,HH13,UP3,72,no,0,BLJA,a,0,,1,1
06/13/2024,2024,6:40,0,HH13,1,cut-leave,wetland,HH13,UP3,72,no,0,NOMO,a,1,1,,1
06/13/2024,2024,6:40,0,HH13,1,cut-leave,wetland,HH13,UP3,72,no,0,DOWO,a,0,1,,1
06/13/2024,2024,6:40,0,HH13,1,cut-leave,wetland,HH13,UP3,72,no,0,EAWP,a,0,,1,1
06/13/2024,2024,6:40,0,HH13,1,cut-leave,wetland,HH13,UP3,72,no,0,BHNU,a,0,2,,1
06/13/2024,2024,6:40,0,HH13,1,cut-leave,wetland,HH13,UP3,72,no,0,NOCA,a,0,,1,2
06/13/2024,2024,6:40,0,HH13,1,cut-leave,wetland,HH13,UP3,72,no,0,BLGR,a,0,,1,1
06/13/2024,2024,6:55,0,HH46,7,control-open,wetland,HH46,UP46,72,no,0,TUTI,a,0,,1,1
06/13/2024,2024,6:55,0,HH46,7,control-open,wetland,HH46,UP46,72,no,0,NOMO,a,0,,2,1
06/13/2024,2024,6:55,0,HH46,7,control-open,wetland,HH46,UP46,72,no,0,NOBO,a,0,,1,2
06/13/2024,2024,6:55,0,HH46,7,control-open,wetland,HH46,UP46,72,no,0,COYE,a,0,,1,1
06/13/2024,2024,6:55,0,HH46,7,control-open,wetland,HH46,UP46,72,no,0,CARW,a,0,,1,1
06/13/2024,2024,6:55,0,HH46,7,control-open,wetland,HH46,UP46,72,no,0,EATO,a,0,,1,1
06/13/2024,2024,6:55,0,HH46,7,control-open,wetland,HH46,UP46,72,no,0,SUTA,a,0,,1,1
06/13/2024,2024,7:15,0,UP02,4,none,upland,UP02,HH02,73,no,3.4,BLJA,a,,,1,1
06/13/2024,2024,7:15,0,UP02,4,none,upland,UP02,HH02,73,no,3.4,EATO,a,,1,,1
06/13/2024,2024,7:15,0,UP02,4,none,upland,UP02,HH02,73,no,3.4,INBU,a,,1,,1
06/13/2024,2024,7:15,0,UP02,4,none,upland,UP02,HH02,73,no,3.4,OROR,a,,,1,1
06/13/2024,2024,7:15,0,UP02,4,none,upland,UP02,HH02,73,no,3.4,BACS,a,,1,,1
06/13/2024,2024,7:15,0,UP02,4,none,upland,UP02,HH02,73,no,3.4,COYE,a,,,1,1
06/13/2024,2024,7:15,0,UP02,4,none,upland,UP02,HH02,73,no,3.4,BLGR,a,,,1,1
06/13/2024,2024,7:15,0,UP02,4,none,upland,UP02,HH02,73,no,3.4,NOCA,a,,,2,1
06/13/2024,2024,7:15,0,UP02,4,none,upland,UP02,HH02,73,no,3.4,TUTI,a,,,1,2
06/13/2024,2024,7:15,0,UP02,4,none,upland,UP02,HH02,73,no,3.4,BGGN,a,,,1,1
06/13/2024,2024,7:15,0,UP02,4,none,upland,UP02,HH02,73,no,3.4,PIWA,a,,,1,1
06/13/2024,2024,7:15,0,UP02,4,none,upland,UP02,HH02,73,no,3.4,CHSP,a,,,1,1
06/13/2024,2024,7:15,0,UP02,4,none,upland,UP02,HH02,73,no,3.4,EAKI,v,,2,,1
06/13/2024,2024,7:30,0,HH22,2,hack-squirt,wetland,HH22,UP22,73,no,0.8,NOCA,a,0,,1,2
06/13/2024,2024,7:30,0,HH22,2,hack-squirt,wetland,HH22,UP22,73,no,0.8,CARW,a,0,,1,1
06/13/2024,2024,7:30,0,HH22,2,hack-squirt,wetland,HH22,UP22,73,no,0.8,BGGN,a,1,1,,1
06/13/2024,2024,7:30,0,HH22,2,hack-squirt,wetland,HH22,UP22,73,no,0.8,SUTA,a,0,,1,1
06/13/2024,2024,7:30,0,HH22,2,hack-squirt,wetland,HH22,UP22,73,no,0.8,EATO,a,0,,2,1
06/13/2024,2024,7:45,0,UP49,3,none,upland,UP49,HH49,75,no,0,NOCA,a,,3,,2
06/13/2024,2024,7:45,0,UP49,3,none,upland,UP49,HH49,75,no,0,CARW,a,,,1,3
06/13/2024,2024,7:45,0,UP49,3,none,upland,UP49,HH49,75,no,0,EATO,a,,,2,1
06/13/2024,2024,7:45,0,UP49,3,none,upland,UP49,HH49,75,no,0,RBWO,a,,1,,2
06/13/2024,2024,7:45,0,UP49,3,none,upland,UP49,HH49,75,no,0,BACS,a,,1,,1
06/13/2024,2024,7:45,0,UP49,3,none,upland,UP49,HH49,75,no,0,BHNU,a,,2,,1
06/13/2024,2024,8:00,0,HH07,4,cut-leave,upland,HH07,UP07,75,no,0,PIWA,a,0,1,2,2
06/13/2024,2024,8:00,0,HH07,4,cut-leave,upland,HH07,UP07,75,no,0,EAWP,a,0,,2,3
06/13/2024,2024,8:00,0,HH07,4,cut-leave,upland,HH07,UP07,75,no,0,NOCA,a,0,,1,2
06/13/2024,2024,8:00,0,HH07,4,cut-leave,upland,HH07,UP07,75,no,0,CARW,a,0,1,,1
06/13/2024,2024,8:00,0,HH07,4,cut-leave,upland,HH07,UP07,75,no,0,EATO,a,0,1,,1
06/13/2024,2024,8:00,0,HH07,4,cut-leave,upland,HH07,UP07,75,no,0,COYE,a,0,,1,1
06/13/2024,2024,8:00,0,HH07,4,cut-leave,upland,HH07,UP07,75,no,0,GCFL,a,0,,1,1
06/13/2024,2024,8:00,0,HH07,4,cut-leave,upland,HH07,UP07,75,no,0,YBCH,v,1,1,,1
06/13/2024,2024,8:15,0,HH34,1,control-closed,wetland,HH34,UP34,76,no,,COYE,a,0,1,,1
06/13/2024,2024,8:15,0,HH34,1,control-closed,wetland,HH34,UP34,76,no,,BACS,a,0,,1,1
06/13/2024,2024,8:15,0,HH34,1,control-closed,wetland,HH34,UP34,76,no,,BLJA,a,0,,1,1
06/13/2024,2024,8:15,0,HH34,1,control-closed,wetland,HH34,UP34,76,no,,RBWO,a,0,1,,1
06/13/2024,2024,8:15,0,HH34,1,control-closed,wetland,HH34,UP34,76,no,,GCFL,a,1,1,,1
06/13/2024,2024,8:15,0,HH34,1,control-closed,wetland,HH34,UP34,76,no,,NOMO,a,0,1,,1
06/13/2024,2024,8:15,0,HH34,1,control-closed,wetland,HH34,UP34,76,no,,EABL,v,1,3,,1
06/13/2024,2024,8:15,0,HH34,1,control-closed,wetland,HH34,UP34,76,no,,TUTI,v,1,4,,3
06/13/2024,2024,8:35,0,UP05,4,none,upland,UP05,HH05,76,no,0,CARW,a,,1,1,4
06/13/2024,2024,8:35,0,UP05,4,none,upland,UP05,HH05,76,no,0,CHSP,a,,1,1,2
06/13/2024,2024,8:35,0,UP05,4,none,upland,UP05,HH05,76,no,0,COYE,a,,1,,2
06/13/2024,2024,8:35,0,UP05,4,none,upland,UP05,HH05,76,no,0,BACS,a,,3,,1
06/13/2024,2024,8:35,0,UP05,4,none,upland,UP05,HH05,76,no,0,EATO,a,,,1,3
06/13/2024,2024,8:35,0,UP05,4,none,upland,UP05,HH05,76,no,0,HOFI,a,,,1,1
06/13/2024,2024,8:35,0,UP05,4,none,upland,UP05,HH05,76,no,0,BLJA,a,,,1,1
06/13/2024,2024,8:35,0,UP05,4,none,upland,UP05,HH05,76,no,0,EAWP,a,,,1,1
06/13/2024,2024,8:35,0,UP05,4,none,upland,UP05,HH05,76,no,0,BHNU,a,,1,,1
06/13/2024,2024,8:35,0,UP05,4,none,upland,UP05,HH05,76,no,0,SUTA,a,,,1,1
06/13/2024,2024,8:35,0,UP05,4,none,upland,UP05,HH05,76,no,0,BLGR,a,,,1,1
06/13/2024,2024,8:35,0,UP05,4,none,upland,UP05,HH05,76,no,0,NOCA,a,,,1,1