date,year,time,prelim_data,new site id,block,treatment,site_type,wetland_id,pair_id,temp,water,wind,species,method,in_wetland,25m,50m,total
05/15/2024,2024,6:15,1,HH-02-W,4,cut-remove,wetland,HH-02-W,HH-02-U,,no,,BGGN,a,1,2,,2
05/15/2024,2024,6:15,1,HH-02-W,4,cut-remove,wetland,HH-02-W,HH-02-U,,no,,NOCA,a,1,1,,1
05/15/2024,2024,6:15,1,HH-02-W,4,cut-remove,wetland,HH-02-W,HH-02-U,,no,,COYE,a,0,0,1,1
05/15/2024,2024,6:15,1,HH-02-W,4,cut-remove,wetland,HH-02-W,HH-02-U,,no,,PIWA,a,0,,1,1
05/15/2024,2024,6:15,1,HH-02-W,4,cut-remove,wetland,HH-02-W,HH-02-U,,no,,SUTA,a,0,,1,1
05/15/2024,2024,6:15,1,HH-02-W,4,cut-remove,wetland,HH-02-W,HH-02-U,,no,,RHWO,v,1,,1,1
05/15/2024,2024,6:45,1,HH-04-W,4,hack-squirt,wetland,HH-04-W,HH-04-U,,yes,,EATO,a,1,2,,2
05/15/2024,2024,6:45,1,HH-04-W,4,hack-squirt,wetland,HH-04-W,HH-04-U,,yes,,NOCA,a,0,,1,1
05/15/2024,2024,6:45,1,HH-04-W,4,hack-squirt,wetland,HH-04-W,HH-04-U,,yes,,COYE,a,1,,1,1
05/15/2024,2024,6:45,1,HH-04-W,4,hack-squirt,wetland,HH-04-W,HH-04-U,,yes,,BGGN,a,0,,1,1
05/15/2024,2024,6:45,1,HH-04-W,4,hack-squirt,wetland,HH-04-W,HH-04-U,,yes,,CARW,a,0,,1,1
05/15/2024,2024,7:25,1,HH-07-W,4,cut-leave,wetland,HH-07-W,HH-07-U,,yes,,EAWP,a,0,,1,1
05/15/2024,2024,7:25,1,HH-07-W,4,cut-leave,wetland,HH-07-W,HH-07-U,,yes,,PIWA,a,0,,1,1
05/15/2024,2024,7:25,1,HH-07-W,4,cut-leave,wetland,HH-07-W,HH-07-U,,yes,,BGGN,a,0,1,,1
05/15/2024,2024,7:25,1,HH-07-W,4,cut-leave,wetland,HH-07-W,HH-07-U,,yes,,CARW,a,0,,1,1
05/15/2024,2024,7:25,1,HH-07-W,4,cut-leave,wetland,HH-07-W,HH-07-U,,yes,,COYE,a,0,,1,1
05/15/2024,2024,7:25,1,HH-07-W,4,cut-leave,wetland,HH-07-W,HH-07-U,,yes,,NOCA,a,0,,1,1
05/15/2024,2024,7:25,1,HH-07-W,4,cut-leave,wetland,HH-07-W,HH-07-U,,yes,,WBNU,a,1,1,,1
05/15/2024,2024,7:55,1,HH-15-W,2,cut-remove,wetland,HH-15-W,HH-14-U,,yes,,NOCA,a,0,,1,1
05/15/2024,2024,7:55,1,HH-15-W,2,cut-remove,wetland,HH-15-W,HH-14-U,,yes,,TUTI,a,1,1,,1
05/15/2024,2024,7:55,1,HH-15-W,2,cut-remove,wetland,HH-15-W,HH-14-U,,yes,,EATO,a,0,,1,1
05/15/2024,2024,7:55,1,HH-15-W,2,cut-remove,wetland,HH-15-W,HH-14-U,,yes,,CARW,a,0,,1,1
05/15/2024,2024,7:55,1,HH-15-W,2,cut-remove,wetland,HH-15-W,HH-14-U,,yes,,OROR,a,0,1,,1
05/15/2024,2024,7:55,1,HH-15-W,2,cut-remove,wetland,HH-15-W,HH-14-U,,yes,,BGGN,a,1,1,,1
05/15/2024,2024,7:55,1,HH-15-W,2,cut-remove,wetland,HH-15-W,HH-14-U,,yes,,WBNU,a,0,,1,1
05/15/2024,2024,8:20,1,HH-13-W,1,cut-leave,wetland,HH-13-W,HH-13-U,,no,,PIWA,a,0,,1,1
05/15/2024,2024,8:20,1,HH-13-W,1,cut-leave,wetland,HH-13-W,HH-13-U,,no,,WBNU,a,0,,2,2
05/15/2024,2024,8:20,1,HH-13-W,1,cut-leave,wetland,HH-13-W,HH-13-U,,no,,COYE,a,0,,1,1
05/15/2024,2024,8:20,1,HH-13-W,1,cut-leave,wetland,HH-13-W,HH-13-U,,no,,CHSP,a,1,1,,1
05/15/2024,2024,8:20,1,HH-13-W,1,cut-leave,wetland,HH-13-W,HH-13-U,,no,,BHNU,a,0,,1,1
05/15/2024,2024,8:20,1,HH-13-W,1,cut-leave,wetland,HH-13-W,HH-13-U,,no,,CARW,a,0,,1,1
05/15/2024,2024,8:20,1,HH-13-W,1,cut-leave,wetland,HH-13-W,HH-13-U,,no,,TUTI,a,0,,1,1
05/15/2024,2024,8:20,1,HH-13-W,1,cut-leave,wetland,HH-13-W,HH-13-U,,no,,BACS,a,0,,1,1
05/15/2024,2024,8:20,1,HH-13-W,1,cut-leave,wetland,HH-13-W,HH-13-U,,no,,INBU,a,1,,2,2
05/16/2024,2024,7:00,1,HH-05-W,4,control,wetland,HH-05-W,HH-05-U,65,yes,4,NOCA,a,0,,1,1
05/16/2024,2024,7:00,1,HH-05-W,4,control,wetland,HH-05-W,HH-05-U,65,yes,4,CARW,a,0,,1,1
05/16/2024,2024,7:00,1,HH-05-W,4,control,wetland,HH-05-W,HH-05-U,65,yes,4,COYE,a,0,,1,1
05/16/2024,2024,7:00,1,HH-05-W,4,control,wetland,HH-05-W,HH-05-U,65,yes,4,EATO,a,0,,1,1
05/16/2024,2024,7:00,1,HH-05-W,4,control,wetland,HH-05-W,HH-05-U,65,yes,4,TUTI,a,0,,1,1
05/16/2024,2024,7:00,1,HH-05-W,4,control,wetland,HH-05-W,HH-05-U,65,yes,4,EAKI,v,1,2,,2
05/16/2024,2024,7:00,1,HH-05-W,4,control,wetland,HH-05-W,HH-05-U,65,yes,4,EAWP,a,0,,1,1
05/16/2024,2024,7:35,1,HH-17-W,2,cut-leave,wetland,HH-17-W,HH-17-U,67,no,4,BGGN,a,0,,1,1
05/16/2024,2024,7:35,1,HH-17-W,2,cut-leave,wetland,HH-17-W,HH-17-U,67,no,4,CARW,a,0,,1,1
05/16/2024,2024,7:35,1,HH-17-W,2,cut-leave,wetland,HH-17-W,HH-17-U,67,no,4,PIWA,a,0,1,,1
05/16/2024,2024,7:35,1,HH-17-W,2,cut-leave,wetland,HH-17-W,HH-17-U,67,no,4,EATO,a,0,,1,1
05/16/2024,2024,7:35,1,HH-17-W,2,cut-leave,wetland,HH-17-W,HH-17-U,67,no,4,WBNU,a,0,,1,1
05/16/2024,2024,7:35,1,HH-17-W,2,cut-leave,wetland,HH-17-W,HH-17-U,67,no,4,GCFL,a,0,,2,2
05/16/2024,2024,7:35,1,HH-17-W,2,cut-leave,wetland,HH-17-W,HH-17-U,67,no,4,CACH,v,1,1,,1
05/16/2024,2024,7:35,1,HH-17-W,2,cut-leave,wetland,HH-17-W,HH-17-U,67,no,4,COYE,a,0,,1,1
05/16/2024,2024,7:35,1,HH-17-W,2,cut-leave,wetland,HH-17-W,HH-17-U,67,no,4,KILL,v,0,1,,1
05/16/2024,2024,7:35,1,HH-17-W,2,cut-leave,wetland,HH-17-W,HH-17-U,67,no,4,DOWO,a,0,,1,1
05/16/2024,2024,8:00,1,HH-22-W,2,hack-squirt,wetland,HH-22-W,HH-22-U,68,yes,4,COYE,a,0,,1,1
05/16/2024,2024,8:00,1,HH-22-W,2,hack-squirt,wetland,HH-22-W,HH-22-U,68,yes,4,GCFL,a,0,,1,1
05/16/2024,2024,8:00,1,HH-22-W,2,hack-squirt,wetland,HH-22-W,HH-22-U,68,yes,4,NOCA,a,0,,1,1
05/16/2024,2024,8:00,1,HH-22-W,2,hack-squirt,wetland,HH-22-W,HH-22-U,68,yes,4,EAWP,a,0,,1,1
05/16/2024,2024,8:00,1,HH-22-W,2,hack-squirt,wetland,HH-22-W,HH-22-U,68,yes,4,CARW,a,0,,1,1
05/16/2024,2024,8:00,1,HH-22-W,2,hack-squirt,wetland,HH-22-W,HH-22-U,68,yes,4,WBNU,a,0,,1,1
05/16/2024,2024,8:25,1,HH-32-W,1,control,wetland,HH-32-W,HH-32-U,70,no,5,NOCA,a,0,,1,1
05/16/2024,2024,8:25,1,HH-32-W,1,control,wetland,HH-32-W,HH-32-U,70,no,5,BGGN,v,1,1,,1
05/16/2024,2024,8:25,1,HH-32-W,1,control,wetland,HH-32-W,HH-32-U,70,no,5,EAWP,a,0,,1,1
05/16/2024,2024,8:25,1,HH-32-W,1,control,wetland,HH-32-W,HH-32-U,70,no,5,RHWO,v,1,1,1,2
05/16/2024,2024,8:50,1,HH-45-W,7,control,wetland,HH-45-W,HH-45-U,71,no,5,COYE,a,0,1,1,2
05/16/2024,2024,8:50,1,HH-45-W,7,control,wetland,HH-45-W,HH-45-U,71,no,5,PIWA,a,0,,1,1
05/16/2024,2024,8:50,1,HH-45-W,7,control,wetland,HH-45-W,HH-45-U,71,no,5,GCFL,a,0,,1,1
05/16/2024,2024,8:50,1,HH-45-W,7,control,wetland,HH-45-W,HH-45-U,71,no,5,BGGN,a,0,,1,1
05/16/2024,2024,8:50,1,HH-45-W,7,control,wetland,HH-45-W,HH-45-U,71,no,5,INBU,a,0,,1,1
05/16/2024,2024,8:50,1,HH-45-W,7,control,wetland,HH-45-W,HH-45-U,71,no,5,EAKI,a,0,,1,1
05/16/2024,2024,8:50,1,HH-45-W,7,control,wetland,HH-45-W,HH-45-U,71,no,5,EATO,a,0,,1,1
05/20/2024,2024,6:45,0,HH-13-W,1,cut-leave,wetland,HH-13-W,HH-13-U,64,no,2,COYE,a,0,,1,1
05/20/2024,2024,6:45,0,HH-13-W,1,cut-leave,wetland,HH-13-W,HH-13-U,64,no,2,EATO,a,0,,1,1
05/20/2024,2024,6:45,0,HH-13-W,1,cut-leave,wetland,HH-13-W,HH-13-U,64,no,2,SUTA,a,0,,1,1
05/20/2024,2024,7:15,0,HH-17-U,2,none,upland,HH-17-U,HH-17-W,65,no,2.1,EAWP,a,,,1,1
05/20/2024,2024,7:15,0,HH-17-U,2,none,upland,HH-17-U,HH-17-W,65,no,2.1,NOMO,a,,,1,1
05/20/2024,2024,7:15,0,HH-17-U,2,none,upland,HH-17-U,HH-17-W,65,no,2.1,PIWA,a,,,1,1
05/20/2024,2024,7:15,0,HH-17-U,2,none,upland,HH-17-U,HH-17-W,65,no,2.1,EATO,a,,,1,1
05/20/2024,2024,7:15,0,HH-17-U,2,none,upland,HH-17-U,HH-17-W,65,no,2.1,NOCA,a,,,1,1
05/20/2024,2024,7:15,0,HH-17-U,2,none,upland,HH-17-U,HH-17-W,65,no,2.1,BGGN,a,,,1,1
05/20/2024,2024,7:15,0,HH-17-U,2,none,upland,HH-17-U,HH-17-W,65,no,2.1,INBU,a,,,1,1
05/20/2024,2024,7:15,0,HH-17-U,2,none,upland,HH-17-U,HH-17-W,65,no,2.1,PUMA,a,,,1,1
05/20/2024,2024,7:45,0,HH-45-U,7,none,upland,HH-45-U,HH-45-W,65,no,2.8,NOCA,a,,,1,1
05/20/2024,2024,7:45,0,HH-45-U,7,none,upland,HH-45-U,HH-45-W,65,no,2.8,EATO,a,,,1,1
05/20/2024,2024,7:45,0,HH-45-U,7,none,upland,HH-45-U,HH-45-W,65,no,2.8,PIWA,a,,,1,1
05/20/2024,2024,7:45,0,HH-45-U,7,none,upland,HH-45-U,HH-45-W,65,no,2.8,EAWP,a,,,1,1
05/20/2024,2024,7:45,0,HH-45-U,7,none,upland,HH-45-U,HH-45-W,65,no,2.8,BGGN,a,,,1,1
05/20/2024,2024,7:45,0,HH-45-U,7,none,upland,HH-45-U,HH-45-W,65,no,2.8,CARW,a,,,1,1
05/20/2024,2024,8:05,0,HH-15-W,2,cut-remove,wetland,HH-15-W,HH-15-U,66,no,1.4,BGGN,v,1,2,,2
05/20/2024,2024,8:05,0,HH-15-W,2,cut-remove,wetland,HH-15-W,HH-15-U,66,no,1.4,NOCA,a,0,,1,1
05/20/2024,2024,8:05,0,HH-15-W,2,cut-remove,wetland,HH-15-W,HH-15-U,66,no,1.4,TUTI,a,1,1,,1
05/20/2024,2024,8:05,0,HH-15-W,2,cut-remove,wetland,HH-15-W,HH-15-U,66,no,1.4,EAWP,a,0,,1,1
05/20/2024,2024,8:25,0,HH-48-U,7,none,upland,HH-48-U,HH-48-W,67,no,2.2,BGGN,a,,1,,1
05/20/2024,2024,8:25,0,HH-48-U,7,none,upland,HH-48-U,HH-48-W,67,no,2.2,NOFL,a,,,1,1
05/20/2024,2024,8:25,0,HH-48-U,7,none,upland,HH-48-U,HH-48-W,67,no,2.2,LAGU,a,,1,,1
05/20/2024,2024,8:25,0,HH-48-U,7,none,upland,HH-48-U,HH-48-W,67,no,2.2,TUTI,a,,1,,1
05/20/2024,2024,8:25,0,HH-48-U,7,none,upland,HH-48-U,HH-48-W,67,no,2.2,RBWO,a,,1,,1
05/20/2024,2024,8:45,0,HH-05-U,4,none,upland,HH-05-U,HH-05-W,67,no,3.3,COYE,a,,,1,1
05/20/2024,2024,8:45,0,HH-05-U,4,none,upland,HH-05-U,HH-05-W,67,no,3.3,PIWA,a,,,1,1
05/20/2024,2024,8:45,0,HH-05-U,4,none,upland,HH-05-U,HH-05-W,67,no,3.3,CARW,a,,,1,1
05/20/2024,2024,8:45,0,HH-05-U,4,none,upland,HH-05-U,HH-05-W,67,no,3.3,EAWP,a,,,1,1
05/20/2024,2024,8:45,0,HH-05-U,4,none,upland,HH-05-U,HH-05-W,67,no,3.3,EAKI,a,,1,,1
05/20/2024,2024,8:45,0,HH-05-U,4,none,upland,HH-05-U,HH-05-W,67,no,3.3,TUTI,a,,1,,1
05/21/2024,2024,6:55,0,HH-50-W,3,cut-remove,wetland,HH-50-W,HH-50-U,63,no,0,SUTA,a,1,,1,1
05/21/2024,2024,6:55,0,HH-50-W,3,cut-remove,wetland,HH-50-W,HH-50-U,63,no,0,EAWP,a,1,,1,1
05/21/2024,2024,6:55,0,HH-50-W,3,cut-remove,wetland,HH-50-W,HH-50-U,63,no,0,INBU,a,0,,1,1
05/21/2024,2024,6:55,0,HH-50-W,3,cut-remove,wetland,HH-50-W,HH-50-U,63,no,0,NOMO,a,0,,1,1
05/21/2024,2024,6:55,0,HH-50-W,3,cut-remove,wetland,HH-50-W,HH-50-U,63,no,0,EATO,a,0,,1,1
05/21/2024,2024,6:55,0,HH-50-W,3,cut-remove,wetland,HH-50-W,HH-50-U,63,no,0,PIWO,a,0,,1,1
05/21/2024,2024,6:55,0,HH-50-W,3,cut-remove,wetland,HH-50-W,HH-50-U,63,no,0,RBWO,a,0,1,,1
05/21/2024,2024,6:55,0,HH-50-W,3,cut-remove,wetland,HH-50-W,HH-50-U,63,no,0,NOCA,a,0,,1,1
05/21/2024,2024,6:55,0,HH-50-W,3,cut-remove,wetland,HH-50-W,HH-50-U,63,no,0,BGGN,a,1,,1,1
05/21/2024,2024,6:55,0,HH-50-W,3,cut-remove,wetland,HH-50-W,HH-50-U,63,no,0,CHSP,a,0,,1,1
05/21/2024,2024,6:55,0,HH-50-W,3,cut-remove,wetland,HH-50-W,HH-50-U,63,no,0,SUTA,a,0,,1,1
05/21/2024,2024,7:15,0,HH-33-W,1,hack-squirt,wetland,HH-33-W,HH-33-U,63,no,1.5,EAWP,a,0,,1,1
05/21/2024,2024,7:15,0,HH-33-W,1,hack-squirt,wetland,HH-33-W,HH-33-U,63,no,1.5,TUTI,a,1,1,,1
05/21/2024,2024,7:15,0,HH-33-W,1,hack-squirt,wetland,HH-33-W,HH-33-U,63,no,1.5,PIWA,a,0,,1,1
05/21/2024,2024,7:15,0,HH-33-W,1,hack-squirt,wetland,HH-33-W,HH-33-U,63,no,1.5,NOCA,a,0,,1,1
05/21/2024,2024,7:15,0,HH-33-W,1,hack-squirt,wetland,HH-33-W,HH-33-U,63,no,1.5,BGGN,a,0,,1,1
05/21/2024,2024,7:15,0,HH-33-W,1,hack-squirt,wetland,HH-33-W,HH-33-U,63,no,1.5,EATO,a,0,,1,1
05/21/2024,2024,7:15,0,HH-33-W,1,hack-squirt,wetland,HH-33-W,HH-33-U,63,no,1.5,GCFL,a,0,,1,1
05/21/2024,2024,7:35,0,HH-22-U,2,none,upland,HH-22-U,HH-22-W,64,no,3,BGGN,a,,1,,1
05/21/2024,2024,7:35,0,HH-22-U,2,none,upland,HH-22-U,HH-22-W,64,no,3,CHSP,a,,,1,1
05/21/2024,2024,7:35,0,HH-22-U,2,none,upland,HH-22-U,HH-22-W,64,no,3,GCFL,a,,,1,1
05/21/2024,2024,7:35,0,HH-22-U,2,none,upland,HH-22-U,HH-22-W,64,no,3,COYE,a,,,1,1
05/21/2024,2024,7:35,0,HH-22-U,2,none,upland,HH-22-U,HH-22-W,64,no,3,NOCA,a,,,1,1
05/21/2024,2024,7:35,0,HH-22-U,2,none,upland,HH-22-U,HH-22-W,64,no,3,KILL,v,,1,,1
05/21/2024,2024,7:35,0,HH-22-U,2,none,upland,HH-22-U,HH-22-W,64,no,3,NOMO,a,,,1,1
05/21/2024,2024,7:35,0,HH-22-U,2,none,upland,HH-22-U,HH-22-W,64,no,3,EABL,a,,,1,1
05/21/2024,2024,7:55,0,HH-13-U,1,none,upland,HH-13-U,HH-13-W,66,no,1.2,BGGN,a,,1,,1
05/21/2024,2024,7:55,0,HH-13-U,1,none,upland,HH-13-U,HH-13-W,66,no,1.2,CARW,a,,,1,1
05/21/2024,2024,7:55,0,HH-13-U,1,none,upland,HH-13-U,HH-13-W,66,no,1.2,COYE,a,,,3,3
05/21/2024,2024,7:55,0,HH-13-U,1,none,upland,HH-13-U,HH-13-W,66,no,1.2,RBWO,a,,1,,1
05/21/2024,2024,7:55,0,HH-13-U,1,none,upland,HH-13-U,HH-13-W,66,no,1.2,TUTI,a,,,1,1
05/21/2024,2024,7:55,0,HH-13-U,1,none,upland,HH-13-U,HH-13-W,66,no,1.2,EAWP,a,,,1,1
05/21/2024,2024,8:15,0,HH-50-U,3,none,upland,HH-50-U,HH-50-W,66,no,1.2,CARW,a,,3,,3
05/21/2024,2024,8:15,0,HH-50-U,3,none,upland,HH-50-U,HH-50-W,66,no,1.2,EAWP,a,,,1,1
05/21/2024,2024,8:15,0,HH-50-U,3,none,upland,HH-50-U,HH-50-W,66,no,1.2,PIWA,a,,2,,2
05/21/2024,2024,8:15,0,HH-50-U,3,none,upland,HH-50-U,HH-50-W,66,no,1.2,TUTI,a,,1,,1
05/21/2024,2024,8:15,0,HH-50-U,3,none,upland,HH-50-U,HH-50-W,66,no,1.2,NOCA,a,,,1,1
05/21/2024,2024,8:15,0,HH-50-U,3,none,upland,HH-50-U,HH-50-W,66,no,1.2,BACS,a,,,1,1
05/21/2024,2024,8:15,0,HH-50-U,3,none,upland,HH-50-U,HH-50-W,66,no,1.2,WBNU,a,,,1,1
05/21/2024,2024,8:15,0,HH-50-U,3,none,upland,HH-50-U,HH-50-W,66,no,1.2,COYE,a,,,1,1
05/21/2024,2024,8:15,0,HH-50-U,3,none,upland,HH-50-U,HH-50-W,66,no,1.2,EATO,a,,,1,1
05/21/2024,2024,8:35,0,HH-45-W,7,control-open,wetland,HH-45-W,HH-45-U,68,no,0,COYE,a,1,1,,1
05/21/2024,2024,8:35,0,HH-45-W,7,control-open,wetland,HH-45-W,HH-45-U,68,no,0,EAWP,a,0,,1,1
05/21/2024,2024,8:35,0,HH-45-W,7,control-open,wetland,HH-45-W,HH-45-U,68,no,0,EATO,a,0,1,,1
05/21/2024,2024,8:35,0,HH-45-W,7,control-open,wetland,HH-45-W,HH-45-U,68,no,0,BHCO,a,1,1,,1
05/21/2024,2024,8:35,0,HH-45-W,7,control-open,wetland,HH-45-W,HH-45-U,68,no,0,LAGU,v,1,4,,4
05/21/2024,2024,8:35,0,HH-45-W,7,control-open,wetland,HH-45-W,HH-45-U,68,no,0,REVI,a,0,1,,1
05/21/2024,2024,8:35,0,HH-45-W,7,control-open,wetland,HH-45-W,HH-45-U,68,no,0,NOCA,a,0,,1,1
05/21/2024,2024,8:35,0,HH-45-W,7,control-open,wetland,HH-45-W,HH-45-U,68,no,0,BGGN,a,0,1,,1
05/22/2024,2024,6:30,0,HH-02-W,4,cut-leave,wetland,HH-02-W,HH-02-U,63,no,0,EATO,a,1,1,,1
05/22/2024,2024,6:30,0,HH-02-W,4,cut-leave,wetland,HH-02-W,HH-02-U,63,no,0,BGGN,a,1,1,,1
05/22/2024,2024,6:30,0,HH-02-W,4,cut-leave,wetland,HH-02-W,HH-02-U,63,no,0,SUTA,a,0,,1,1
05/22/2024,2024,6:30,0,HH-02-W,4,cut-leave,wetland,HH-02-W,HH-02-U,63,no,0,PIWA,a,0,,1,1
05/22/2024,2024,7:00,0,HH-32-W,1,control-closed,wetland,HH-32-W,HH-32-U,63,no,0,EAWP,a,0,,1,1
05/22/2024,2024,7:00,0,HH-32-W,1,control-closed,wetland,HH-32-W,HH-32-U,63,no,0,EABL,a,1,2,,2
05/22/2024,2024,7:00,0,HH-32-W,1,control-closed,wetland,HH-32-W,HH-32-U,63,no,0,CARW,a,0,,1,1
05/22/2024,2024,7:00,0,HH-32-W,1,control-closed,wetland,HH-32-W,HH-32-U,63,no,0,BGGN,a,1,1,,1
05/22/2024,2024,7:00,0,HH-32-W,1,control-closed,wetland,HH-32-W,HH-32-U,63,no,0,RWBL,a,1,1,,1
05/22/2024,2024,7:00,0,HH-32-W,1,control-closed,wetland,HH-32-W,HH-32-U,63,no,0,GCFL,a,1,1,,1
05/22/2024,2024,7:00,0,HH-32-W,1,control-closed,wetland,HH-32-W,HH-32-U,63,no,0,COYE,a,0,,1,1
05/22/2024,2024,7:00,0,HH-32-W,1,control-closed,wetland,HH-32-W,HH-32-U,63,no,0,BHNU,a,1,1,,1
05/22/2024,2024,7:20,0,HH-33-U,1,none,upland,HH-33-U,HH-33-W,68,no,0.8,PIWA,a,,,2,2
05/22/2024,2024,7:20,0,HH-33-U,1,none,upland,HH-33-U,HH-33-W,68,no,0.8,EAWP,a,,,1,1
05/22/2024,2024,7:20,0,HH-33-U,1,none,upland,HH-33-U,HH-33-W,68,no,0.8,EABL,a,,,2,2
05/22/2024,2024,7:20,0,HH-33-U,1,none,upland,HH-33-U,HH-33-W,68,no,0.8,SUTA,a,,,1,1
05/22/2024,2024,7:20,0,HH-33-U,1,none,upland,HH-33-U,HH-33-W,68,no,0.8,DOWO,a,,,1,1
05/22/2024,2024,7:35,0,HH-34-W,1,control-open,wetland,HH-34-W,HH-34-U,65,no,0,EABL,a,0,,1,1
05/22/2024,2024,7:35,0,HH-34-W,1,control-open,wetland,HH-34-W,HH-34-U,65,no,0,BGGN,a,0,,1,1
05/22/2024,2024,7:35,0,HH-34-W,1,control-open,wetland,HH-34-W,HH-34-U,65,no,0,CHSP,a,0,,1,1
05/22/2024,2024,7:35,0,HH-34-W,1,control-open,wetland,HH-34-W,HH-34-U,65,no,0,COYE,a,0,,1,1
05/22/2024,2024,7:35,0,HH-34-W,1,control-open,wetland,HH-34-W,HH-34-U,65,no,0,BACS,a,0,,1,1
05/22/2024,2024,7:35,0,HH-34-W,1,control-open,wetland,HH-34-W,HH-34-U,65,no,0,GCFL,a,0,,1,1
05/22/2024,2024,7:50,0,HH-34-U,1,none,upland,HH-34-U,HH-34-W,65,no,0,BACS,a,,,1,1
05/22/2024,2024,7:50,0,HH-34-U,1,none,upland,HH-34-U,HH-34-W,65,no,0,GCFL,a,,,1,1
05/22/2024,2024,7:50,0,HH-34-U,1,none,upland,HH-34-U,HH-34-W,65,no,0,COYE,a,,,1,1
05/22/2024,2024,7:50,0,HH-34-U,1,none,upland,HH-34-U,HH-34-W,65,no,0,CHSP,a,,,2,2
05/22/2024,2024,7:50,0,HH-34-U,1,none,upland,HH-34-U,HH-34-W,65,no,0,PIWA,a,,,1,1
05/22/2024,2024,7:50,0,HH-34-U,1,none,upland,HH-34-U,HH-34-W,65,no,0,EAWP,a,,,1,1
05/22/2024,2024,7:50,0,HH-34-U,1,none,upland,HH-34-U,HH-34-W,65,no,0,EABL,a,,,1,1
05/22/2024,2024,7:50,0,HH-34-U,1,none,upland,HH-34-U,HH-34-W,65,no,0,TUTI,a,,,1,1
05/22/2024,2024,7:50,0,HH-34-U,1,none,upland,HH-34-U,HH-34-W,65,no,0,BGGN,a,,,1,1
05/22/2024,2024,7:50,0,HH-34-U,1,none,upland,HH-34-U,HH-34-W,65,no,0,RBWO,a,,,1,1
05/22/2024,2024,8:10,0,HH-04-W,4,hack-squirt,wetland,HH-04-W,HH-04-U,67,yes,0,NOCA,a,0,1,,1
05/22/2024,2024,8:10,0,HH-04-W,4,hack-squirt,wetland,HH-04-W,HH-04-U,67,yes,0,TUTI,a,1,1,,1
05/22/2024,2024,8:10,0,HH-04-W,4,hack-squirt,wetland,HH-04-W,HH-04-U,67,yes,0,GCFL,a,0,,1,1
05/22/2024,2024,8:10,0,HH-04-W,4,hack-squirt,wetland,HH-04-W,HH-04-U,67,yes,0,BGGN,a,1,1,,1
05/22/2024,2024,8:10,0,HH-04-W,4,hack-squirt,wetland,HH-04-W,HH-04-U,67,yes,0,INBU,a,0,,1,1
05/22/2024,2024,8:10,0,HH-04-W,4,hack-squirt,wetland,HH-04-W,HH-04-U,67,yes,0,EATO,a,1,1,,1
05/22/2024,2024,8:10,0,HH-04-W,4,hack-squirt,wetland,HH-04-W,HH-04-U,67,yes,0,COYE,a,0,,1,1
05/22/2024,2024,8:30,0,HH-14-U,2,none,upland,HH-14-U,HH-14-W,67,no,2.3,PIWA,a,,2,,2
05/22/2024,2024,8:30,0,HH-14-U,2,none,upland,HH-14-U,HH-14-W,67,no,2.3,COYE,a,,1,,1
05/22/2024,2024,8:30,0,HH-14-U,2,none,upland,HH-14-U,HH-14-W,67,no,2.3,EABL,a,,,2,2
05/22/2024,2024,8:30,0,HH-14-U,2,none,upland,HH-14-U,HH-14-W,67,no,2.3,KILL,a,,,1,1
05/22/2024,2024,8:30,0,HH-14-U,2,none,upland,HH-14-U,HH-14-W,67,no,2.3,BACS,a,,,1,1
05/22/2024,2024,8:30,0,HH-14-U,2,none,upland,HH-14-U,HH-14-W,67,no,2.3,CHSP,a,,,1,1
05/22/2024,2024,8:45,0,HH-22-W,2,hack-squirt,wetland,HH-22-W,HH-22-U,70,no,0.8,WBNU,a,0,,1,1
05/22/2024,2024,8:45,0,HH-22-W,2,hack-squirt,wetland,HH-22-W,HH-22-U,70,no,0.8,EATO,a,0,,1,1
05/22/2024,2024,8:45,0,HH-22-W,2,hack-squirt,wetland,HH-22-W,HH-22-U,70,no,0.8,SUTA,a,0,,1,1
05/22/2024,2024,8:45,0,HH-22-W,2,hack-squirt,wetland,HH-22-W,HH-22-U,70,no,0.8,PIWA,a,0,,1,1
05/22/2024,2024,8:45,0,HH-22-W,2,hack-squirt,wetland,HH-22-W,HH-22-U,70,no,0.8,CARW,a,0,,1,1
05/22/2024,2024,8:45,0,HH-22-W,2,hack-squirt,wetland,HH-22-W,HH-22-U,70,no,0.8,RBWO,a,0,,2,2
05/22/2024,2024,8:45,0,HH-22-W,2,hack-squirt,wetland,HH-22-W,HH-22-U,70,no,0.8,COYE,a,0,,1,1
05/22/2024,2024,8:45,0,HH-22-W,2,hack-squirt,wetland,HH-22-W,HH-22-U,70,no,0.8,BGGN,a,1,1,,1
05/22/2024,2024,9:00,0,HH-04-U,4,none,upland,HH-04-U,HH-04-W,71,no,1.6,COYE,a,,,2,2
05/22/2024,2024,9:00,0,HH-04-U,4,none,upland,HH-04-U,HH-04-W,71,no,1.6,PIWA,a,,1,,1
05/22/2024,2024,9:00,0,HH-04-U,4,none,upland,HH-04-U,HH-04-W,71,no,1.6,NOCA,a,,,3,3
05/22/2024,2024,9:00,0,HH-04-U,4,none,upland,HH-04-U,HH-04-W,71,no,1.6,BACS,a,,1,,1
05/22/2024,2024,9:00,0,HH-04-U,4,none,upland,HH-04-U,HH-04-W,71,no,1.6,INBU,a,,2,,2
05/22/2024,2024,9:00,0,HH-04-U,4,none,upland,HH-04-U,HH-04-W,71,no,1.6,EABL,a,,1,,1
05/22/2024,2024,9:00,0,HH-04-U,4,none,upland,HH-04-U,HH-04-W,71,no,1.6,EATO,a,,2,,2
05/22/2024,2024,9:00,0,HH-04-U,4,none,upland,HH-04-U,HH-04-W,71,no,1.6,GCFL,a,,,1,1
05/23/2024,2024,6:55,0,HH-07-U,4,none,upland,HH-07-U,HH-07-W,68,no,0,CARW,a,,,1,1
05/23/2024,2024,6:55,0,HH-07-U,4,none,upland,HH-07-U,HH-07-W,68,no,0,BHNU,a,,1,,1
05/23/2024,2024,6:55,0,HH-07-U,4,none,upland,HH-07-U,HH-07-W,68,no,0,BGGN,a,,2,,2
05/23/2024,2024,6:55,0,HH-07-U,4,none,upland,HH-07-U,HH-07-W,68,no,0,TUTI,a,,3,,3
05/23/2024,2024,6:55,0,HH-07-U,4,none,upland,HH-07-U,HH-07-W,68,no,0,RBWO,a,,,2,2
05/23/2024,2024,6:55,0,HH-07-U,4,none,upland,HH-07-U,HH-07-W,68,no,0,NOCA,a,,,2,2
05/23/2024,2024,6:55,0,HH-07-U,4,none,upland,HH-07-U,HH-07-W,68,no,0,BACS,a,,,1,1
05/23/2024,2024,6:55,0,HH-07-U,4,none,upland,HH-07-U,HH-07-W,68,no,0,EAWP,a,,,1,1
05/23/2024,2024,6:55,0,HH-07-U,4,none,upland,HH-07-U,HH-07-W,68,no,0,COYE,a,,,1,1
05/23/2024,2024,7:15,0,HH-02-U,4,none,upland,HH-02-U,HH-02-W,69,no,0,PIWA,a,,2,,2
05/23/2024,2024,7:15,0,HH-02-U,4,none,upland,HH-02-U,HH-02-W,69,no,0,COYE,a,,,1,1
05/23/2024,2024,7:15,0,HH-02-U,4,none,upland,HH-02-U,HH-02-W,69,no,0,EAWP,a,,,1,1
05/23/2024,2024,7:15,0,HH-02-U,4,none,upland,HH-02-U,HH-02-W,69,no,0,SUTA,a,,1,,1
05/23/2024,2024,7:15,0,HH-02-U,4,none,upland,HH-02-U,HH-02-W,69,no,0,INBU,a,,2,,2
05/23/2024,2024,7:15,0,HH-02-U,4,none,upland,HH-02-U,HH-02-W,69,no,0,CHSP,a,,,1,1
05/23/2024,2024,7:15,0,HH-02-U,4,none,upland,HH-02-U,HH-02-W,69,no,0,BACS,a,,,1,1
05/23/2024,2024,7:15,0,HH-02-U,4,none,upland,HH-02-U,HH-02-W,69,no,0,GCFL,a,,1,,1
05/23/2024,2024,7:15,0,HH-02-U,4,none,upland,HH-02-U,HH-02-W,69,no,0,NOCA,a,,,1,1
05/23/2024,2024,7:15,0,HH-02-U,4,none,upland,HH-02-U,HH-02-W,69,no,0,PIWO,a,,,1,1
05/23/2024,2024,7:30,0,HH-14-W,1,cut-remove,wetland,HH-14-W,HH-14-U,70,no,0,BACS,a,0,,1,1
05/23/2024,2024,7:30,0,HH-14-W,1,cut-remove,wetland,HH-14-W,HH-14-U,70,no,0,CACH,a,0,,1,1
05/23/2024,2024,7:30,0,HH-14-W,1,cut-remove,wetland,HH-14-W,HH-14-U,70,no,0,OROR,a,0,,1,1
05/23/2024,2024,7:30,0,HH-14-W,1,cut-remove,wetland,HH-14-W,HH-14-U,70,no,0,CARW,a,0,,1,1
05/23/2024,2024,7:30,0,HH-14-W,1,cut-remove,wetland,HH-14-W,HH-14-U,70,no,0,TUTI,a,0,1,,1
05/23/2024,2024,7:30,0,HH-14-W,1,cut-remove,wetland,HH-14-W,HH-14-U,70,no,0,NOMO,a,0,,1,1
05/23/2024,2024,7:30,0,HH-14-W,1,cut-remove,wetland,HH-14-W,HH-14-U,70,no,0,BLJA,a,0,,1,1
05/23/2024,2024,7:30,0,HH-14-W,1,cut-remove,wetland,HH-14-W,HH-14-U,70,no,0,PIWA,a,0,,1,1
05/23/2024,2024,7:30,0,HH-14-W,1,cut-remove,wetland,HH-14-W,HH-14-U,70,no,0,REVI,a,0,1,,1
05/23/2024,2024,7:30,0,HH-14-W,1,cut-remove,wetland,HH-14-W,HH-14-U,70,no,0,RBWO,a,0,,1,1
05/23/2024,2024,7:45,0,HH-49-U,7,none,upland,HH-49-U,HH-49-W,71,no,0,INBU,a,,2,,2
05/23/2024,2024,7:45,0,HH-49-U,7,none,upland,HH-49-U,HH-49-W,71,no,0,NOCA,a,,1,,1
05/23/2024,2024,7:45,0,HH-49-U,7,none,upland,HH-49-U,HH-49-W,71,no,0,GCFL,a,,,1,1
05/23/2024,2024,7:45,0,HH-49-U,7,none,upland,HH-49-U,HH-49-W,71,no,0,EAWP,a,,1,,1
05/23/2024,2024,7:45,0,HH-49-U,7,none,upland,HH-49-U,HH-49-W,71,no,0,BACS,a,,,1,1
05/23/2024,2024,7:45,0,HH-49-U,7,none,upland,HH-49-U,HH-49-W,71,no,0,WEVI,a,,2,,2
05/23/2024,2024,7:45,0,HH-49-U,7,none,upland,HH-49-U,HH-49-W,71,no,0,RBWO,a,,1,,1
05/23/2024,2024,7:45,0,HH-49-U,7,none,upland,HH-49-U,HH-49-W,71,no,0,CARW,a,,1,,1
05/23/2024,2024,7:45,0,HH-49-U,7,none,upland,HH-49-U,HH-49-W,71,no,0,SUTA,a,,1,,1
05/23/2024,2024,7:45,0,HH-49-U,7,none,upland,HH-49-U,HH-49-W,71,no,0,BLJA,a,,,1,1
05/23/2024,2024,8:05,0,HH-05-W,4,control-open,wetland,HH-05-W,HH-05-U,73,yes,0,CARW,a,0,1,,1
05/23/2024,2024,8:05,0,HH-05-W,4,control-open,wetland,HH-05-W,HH-05-U,73,yes,0,NOCA,a,0,,1,1
05/23/2024,2024,8:05,0,HH-05-W,4,control-open,wetland,HH-05-W,HH-05-U,73,yes,0,BACS,a,0,,1,1
05/23/2024,2024,8:05,0,HH-05-W,4,control-open,wetland,HH-05-W,HH-05-U,73,yes,0,RBWO,a,0,1,,1
05/23/2024,2024,8:05,0,HH-05-W,4,control-open,wetland,HH-05-W,HH-05-U,73,yes,0,BGGN,a,0,1,,1
05/23/2024,2024,8:05,0,HH-05-W,4,control-open,wetland,HH-05-W,HH-05-U,73,yes,0,COYE,a,0,2,,2
05/23/2024,2024,8:05,0,HH-05-W,4,control-open,wetland,HH-05-W,HH-05-U,73,yes,0,WEVI,a,0,,1,1
05/23/2024,2024,8:05,0,HH-05-W,4,control-open,wetland,HH-05-W,HH-05-U,73,yes,0,TUTI,a,0,1,,1
05/23/2024,2024,8:05,0,HH-05-W,4,control-open,wetland,HH-05-W,HH-05-U,73,yes,0,EAWP,a,0,,1,1
05/23/2024,2024,8:25,0,HH-49-W,7,hack-squirt,wetland,HH-49-W,HH-49-U,74,yes,0,EAWP,a,0,,1,1
05/23/2024,2024,8:25,0,HH-49-W,7,hack-squirt,wetland,HH-49-W,HH-49-U,74,yes,0,LAGU,a,0,,1,1
05/23/2024,2024,8:25,0,HH-49-W,7,hack-squirt,wetland,HH-49-W,HH-49-U,74,yes,0,RBWO,a,0,,1,1
05/23/2024,2024,8:25,0,HH-49-W,7,hack-squirt,wetland,HH-49-W,HH-49-U,74,yes,0,NOCA,a,0,,3,3
05/23/2024,2024,8:25,0,HH-49-W,7,hack-squirt,wetland,HH-49-W,HH-49-U,74,yes,0,BGGN,a,0,,2,2
05/23/2024,2024,8:25,0,HH-49-W,7,hack-squirt,wetland,HH-49-W,HH-49-U,74,yes,0,PIWA,a,0,,1,1
05/23/2024,2024,8:25,0,HH-49-W,7,hack-squirt,wetland,HH-49-W,HH-49-U,74,yes,0,GCFL,a,0,,1,1
05/23/2024,2024,8:40,0,HH-48-W,7,cut-leave,wetland,HH-48-W,HH-48-U,75,yes,2.5,CARW,a,0,,1,1
05/23/2024,2024,8:40,0,HH-48-W,7,cut-leave,wetland,HH-48-W,HH-48-U,75,yes,2.5,COYE,a,0,,1,1
05/23/2024,2024,8:40,0,HH-48-W,7,cut-leave,wetland,HH-48-W,HH-48-U,75,yes,2.5,PIWA,v,1,1,,1
05/23/2024,2024,8:40,0,HH-48-W,7,cut-leave,wetland,HH-48-W,HH-48-U,75,yes,2.5,PIWA,a,1,1,,1
05/23/2024,2024,8:40,0,HH-48-W,7,cut-leave,wetland,HH-48-W,HH-48-U,75,yes,2.5,NOCA,a,0,,1,1
05/23/2024,2024,8:40,0,HH-48-W,7,cut-leave,wetland,HH-48-W,HH-48-U,75,yes,2.5,RBWO,a,0,,1,1
05/23/2024,2024,8:40,0,HH-48-W,7,cut-leave,wetland,HH-48-W,HH-48-U,75,yes,2.5,INBU,a,0,,1,1
05/23/2024,2024,8:40,0,HH-48-W,7,cut-leave,wetland,HH-48-W,HH-48-U,75,yes,2.5,CAGO,a,0,,1,1
05/23/2024,2024,8:40,0,HH-48-W,7,cut-leave,wetland,HH-48-W,HH-48-U,75,yes,2.5,EAPH,a,0,,1,1
05/23/2024,2024,8:40,0,HH-48-W,7,cut-leave,wetland,HH-48-W,HH-48-U,75,yes,2.5,,a,1,1,,1
05/23/2024,2024,9:00,0,HH-07-W,4,cut-leave,wetland,HH-07-W,HH-07-U,77,no,1.5,PIWA,a,0,,1,1
05/23/2024,2024,9:00,0,HH-07-W,4,cut-leave,wetland,HH-07-W,HH-07-U,77,no,1.5,EATO,a,0,,1,1
05/23/2024,2024,9:00,0,HH-07-W,4,cut-leave,wetland,HH-07-W,HH-07-U,77,no,1.5,TUTI,a,0,,3,3
05/23/2024,2024,9:00,0,HH-07-W,4,cut-leave,wetland,HH-07-W,HH-07-U,77,no,1.5,BHCO,a,1,1,,1
05/23/2024,2024,9:00,0,HH-07-W,4,cut-leave,wetland,HH-07-W,HH-07-U,77,no,1.5,COYE,a,0,,1,1
05/23/2024,2024,9:00,0,HH-07-W,4,cut-leave,wetland,HH-07-W,HH-07-U,77,no,1.5,BHNU,a,1,2,,2
05/23/2024,2024,9:00,0,HH-07-W,4,cut-leave,wetland,HH-07-W,HH-07-U,77,no,1.5,RBWO,a,0,,1,1
05/27/2024,2024,6:40,0,HH-17-W,2,cut-leave,wetland,HH-17-W,HH-17-U,75,no,0,EAKI,v,1,1,,1
05/27/2024,2024,6:40,0,HH-17-W,2,cut-leave,wetland,HH-17-W,HH-17-U,75,no,0,BGGN,v,1,1,,1
05/27/2024,2024,6:40,0,HH-17-W,2,cut-leave,wetland,HH-17-W,HH-17-U,75,no,0,RBWO,a,0,,1,1
05/27/2024,2024,6:40,0,HH-17-W,2,cut-leave,wetland,HH-17-W,HH-17-U,75,no,0,SUTA,a,0,,1,1
05/27/2024,2024,6:40,0,HH-17-W,2,cut-leave,wetland,HH-17-W,HH-17-U,75,no,0,PIWA,a,0,,1,1
05/27/2024,2024,6:40,0,HH-17-W,2,cut-leave,wetland,HH-17-W,HH-17-U,75,no,0,CHSP,a,0,,1,1
05/27/2024,2024,6:40,0,HH-17-W,2,cut-leave,wetland,HH-17-W,HH-17-U,75,no,0,NOCA,a,0,,1,1
05/27/2024,2024,6:40,0,HH-17-W,2,cut-leave,wetland,HH-17-W,HH-17-U,75,no,0,EAWP,a,0,,1,1
05/27/2024,2024,7:05,0,HH-15-U,2,none,upland,HH-15-U,HH-15-W,75,no,1.6,NOCA,a,,,1,1
05/27/2024,2024,7:05,0,HH-15-U,2,none,upland,HH-15-U,HH-15-W,75,no,1.6,EABL,v,,,1,1
05/27/2024,2024,7:05,0,HH-15-U,2,none,upland,HH-15-U,HH-15-W,75,no,1.6,BGGN,v,,3,,3
05/27/2024,2024,7:05,0,HH-15-U,2,none,upland,HH-15-U,HH-15-W,75,no,1.6,PIWA,a,,,1,1
05/27/2024,2024,7:05,0,HH-15-U,2,none,upland,HH-15-U,HH-15-W,75,no,1.6,EAKI,a,,1,,1
05/27/2024,2024,7:05,0,HH-15-U,2,none,upland,HH-15-U,HH-15-W,75,no,1.6,BLGR,a,,1,,1
05/27/2024,2024,7:05,0,HH-15-U,2,none,upland,HH-15-U,HH-15-W,75,no,1.6,CHSP,a,,1,,1
05/27/2024,2024,7:05,0,HH-15-U,2,none,upland,HH-15-U,HH-15-W,75,no,1.6,LAGU,v,,2,,2
05/27/2024,2024,7:05,0,HH-15-U,2,none,upland,HH-15-U,HH-15-W,75,no,1.6,GCFL,a,,,1,1
05/27/2024,2024,7:05,0,HH-15-U,2,none,upland,HH-15-U,HH-15-W,75,no,1.6,CARW,a,,,1,1
05/27/2024,2024,7:05,0,HH-15-U,2,none,upland,HH-15-U,HH-15-W,75,no,1.6,BHNU,a,,1,,1
05/27/2024,2024,7:05,0,HH-15-U,2,none,upland,HH-15-U,HH-15-W,75,no,1.6,BACS,a,,1,,1
05/27/2024,2024,7:05,0,HH-15-U,2,none,upland,HH-15-U,HH-15-W,75,no,1.6,WEVI,a,,,1,1
05/27/2024,2024,7:25,0,HH-60-W,1,control-closed,wetland,HH-60-W,HH-60-U,76,no,0,BACS,a,0,,1,1
05/27/2024,2024,7:25,0,HH-60-W,1,control-closed,wetland,HH-60-W,HH-60-U,76,no,0,COYE,a,0,1,,1
05/27/2024,2024,7:25,0,HH-60-W,1,control-closed,wetland,HH-60-W,HH-60-U,76,no,0,BGGN,a,1,1,,1
05/27/2024,2024,7:25,0,HH-60-W,1,control-closed,wetland,HH-60-W,HH-60-U,76,no,0,PIWA,a,0,,1,1
05/27/2024,2024,7:25,0,HH-60-W,1,control-closed,wetland,HH-60-W,HH-60-U,76,no,0,TUTI,a,0,1,,1
05/27/2024,2024,7:25,0,HH-60-W,1,control-closed,wetland,HH-60-W,HH-60-U,76,no,0,NOCA,a,0,1,,1
05/27/2024,2024,7:25,0,HH-60-W,1,control-closed,wetland,HH-60-W,HH-60-U,76,no,0,INBU,a,0,1,,1
05/27/2024,2024,7:25,0,HH-60-W,1,control-closed,wetland,HH-60-W,HH-60-U,76,no,0,RBWO,a,0,,1,1
05/27/2024,2024,7:40,0,HH-60-U,1,none,upland,HH-60-U,HH-60-W,76,no,3.1,PIWA,a,,,1,1
05/27/2024,2024,7:40,0,HH-60-U,1,none,upland,HH-60-U,HH-60-W,76,no,3.1,INBU,a,,,1,1
05/27/2024,2024,7:40,0,HH-60-U,1,none,upland,HH-60-U,HH-60-W,76,no,3.1,BACS,a,,,2,2
05/27/2024,2024,7:40,0,HH-60-U,1,none,upland,HH-60-U,HH-60-W,76,no,3.1,RBWO,a,,,1,1
05/27/2024,2024,7:40,0,HH-60-U,1,none,upland,HH-60-U,HH-60-W,76,no,3.1,EAWP,a,,,1,1
05/27/2024,2024,7:40,0,HH-60-U,1,none,upland,HH-60-U,HH-60-W,76,no,3.1,TUTI,a,,,1,1
05/27/2024,2024,7:40,0,HH-60-U,1,none,upland,HH-60-U,HH-60-W,76,no,3.1,RHWO,v,,,1,1
05/27/2024,2024,7:55,0,HH-32-U,1,none,upland,HH-32-U,HH-32-W,78,no,3.4,PIWA,a,,,1,1
05/27/2024,2024,7:55,0,HH-32-U,1,none,upland,HH-32-U,HH-32-W,78,no,3.4,EAWP,a,,,1,1
05/27/2024,2024,7:55,0,HH-32-U,1,none,upland,HH-32-U,HH-32-W,78,no,3.4,BACS,a,,,2,2
05/27/2024,2024,7:55,0,HH-32-U,1,none,upland,HH-32-U,HH-32-W,78,no,3.4,EABL,a,,1,,1
05/27/2024,2024,7:55,0,HH-32-U,1,none,upland,HH-32-U,HH-32-W,78,no,3.4,SUTA,a,,2,,2
05/27/2024,2024,7:55,0,HH-32-U,1,none,upland,HH-32-U,HH-32-W,78,no,3.4,YBCH,a,,,1,1
05/27/2024,2024,7:55,0,HH-32-U,1,none,upland,HH-32-U,HH-32-W,78,no,3.4,BGGN,a,,1,,1
05/27/2024,2024,8:15,0,HH-33-U,1,none,upland,HH-33-U,HH-33-W,79,no,2.3,EAWP,a,,1,,1
05/27/2024,2024,8:15,0,HH-33-U,1,none,upland,HH-33-U,HH-33-W,79,no,2.3,BACS,a,,2,,2
05/27/2024,2024,8:15,0,HH-33-U,1,none,upland,HH-33-U,HH-33-W,79,no,2.3,NOCA,a,,,3,3
05/27/2024,2024,8:15,0,HH-33-U,1,none,upland,HH-33-U,HH-33-W,79,no,2.3,EABL,a,,,1,1
05/27/2024,2024,8:15,0,HH-33-U,1,none,upland,HH-33-U,HH-33-W,79,no,2.3,EABL,v,,,1,1
05/27/2024,2024,8:15,0,HH-33-U,1,none,upland,HH-33-U,HH-33-W,79,no,2.3,EATO,a,,,1,1
05/27/2024,2024,8:15,0,HH-33-U,1,none,upland,HH-33-U,HH-33-W,79,no,2.3,COYE,a,,,1,1
05/27/2024,2024,8:15,0,HH-33-U,1,none,upland,HH-33-U,HH-33-W,79,no,2.3,BHNU,a,,,1,1
05/27/2024,2024,8:35,0,HH-22-U,2,none,upland,HH-22-U,HH-22-W,80,no,4.2,BGGN,a,,,1,1
05/27/2024,2024,8:35,0,HH-22-U,2,none,upland,HH-22-U,HH-22-W,80,no,4.2,INBU,a,,1,,1
05/27/2024,2024,8:35,0,HH-22-U,2,none,upland,HH-22-U,HH-22-W,80,no,4.2,COYE,a,,2,,2
05/27/2024,2024,8:35,0,HH-22-U,2,none,upland,HH-22-U,HH-22-W,80,no,4.2,NOCA,a,,,1,1
05/27/2024,2024,8:35,0,HH-22-U,2,none,upland,HH-22-U,HH-22-W,80,no,4.2,RBWO,a,,,1,1
05/27/2024,2024,8:35,0,HH-22-U,2,none,upland,HH-22-U,HH-22-W,80,no,4.2,PIWA,a,,1,,1
05/27/2024,2024,8:35,0,HH-22-U,2,none,upland,HH-22-U,HH-22-W,80,no,4.2,CHSP,a,,1,,1
05/27/2024,2024,8:35,0,HH-22-U,2,none,upland,HH-22-U,HH-22-W,80,no,4.2,NOMO,v,,,1,1
05/27/2024,2024,8:35,0,HH-22-U,2,none,upland,HH-22-U,HH-22-W,80,no,4.2,BLJA,a,,,1,1
05/27/2024,2024,8:50,0,HH-14-U,1,none,upland,HH-14-U,HH-14-W,80,no,3.8,CHSP,a,,,1,1
05/27/2024,2024,8:50,0,HH-14-U,1,none,upland,HH-14-U,HH-14-W,80,no,3.8,PUMA,a,,,1,1
05/27/2024,2024,8:50,0,HH-14-U,1,none,upland,HH-14-U,HH-14-W,80,no,3.8,SUTA,a,,,1,1
05/27/2024,2024,8:50,0,HH-14-U,1,none,upland,HH-14-U,HH-14-W,80,no,3.8,BLJA,a,,,1,1
05/27/2024,2024,8:50,0,HH-14-U,1,none,upland,HH-14-U,HH-14-W,80,no,3.8,BGGN,a,,,1,1
05/27/2024,2024,8:50,0,HH-14-U,1,none,upland,HH-14-U,HH-14-W,80,no,3.8,PIWA,a,,,1,1
05/27/2024,2024,8:50,0,HH-14-U,1,none,upland,HH-14-U,HH-14-W,80,no,3.8,NOMO,a,,,1,1
05/27/2024,2024,8:50,0,HH-14-U,1,none,upland,HH-14-U,HH-14-W,80,no,3.8,BHCO,a,,,1,1
05/27/2024,2024,8:50,0,HH-14-U,1,none,upland,HH-14-U,HH-14-W,80,no,3.8,WBNU,a,,,1,1
05/27/2024,2024,9:10,0,HH-07-U,4,none,upland,HH-07-U,HH-07-W,81,no,0,EATO,a,,1,,1
05/27/2024,2024,9:10,0,HH-07-U,4,none,upland,HH-07-U,HH-07-W,81,no,0,EAWP,a,,,1,1
05/27/2024,2024,9:10,0,HH-07-U,4,none,upland,HH-07-U,HH-07-W,81,no,0,BHNU,a,,,1,1
05/27/2024,2024,9:10,0,HH-07-U,4,none,upland,HH-07-U,HH-07-W,81,no,0,PIWA,a,,,1,1
05/27/2024,2024,9:10,0,HH-07-U,4,none,upland,HH-07-U,HH-07-W,81,no,0,BHCO,a,,1,,1
05/27/2024,2024,9:10,0,HH-07-U,4,none,upland,HH-07-U,HH-07-W,81,no,0,RBWO,a,,,1,1
05/27/2024,2024,9:10,0,HH-07-U,4,none,upland,HH-07-U,HH-07-W,81,no,0,COYE,a,,,1,1
05/27/2024,2024,9:10,0,HH-07-U,4,none,upland,HH-07-U,HH-07-W,81,no,0,CARW,a,,1,,1
05/27/2024,2024,9:10,0,HH-07-U,4,none,upland,HH-07-U,HH-07-W,81,no,0,BGGN,a,,2,,2
05/27/2024,2024,9:10,0,HH-07-U,4,none,upland,HH-07-U,HH-07-W,81,no,0,TUTI,a,,1,,1
05/27/2024,2024,9:10,0,HH-07-U,4,none,upland,HH-07-U,HH-07-W,81,no,0,EAKI,a,,,2,2
05/27/2024,2024,9:10,0,HH-07-U,4,none,upland,HH-07-U,HH-07-W,81,no,0,GCFL,a,,1,,1
05/28/2024,2024,6:55,0,HH-43-W,7,control-closed,wetland,HH-43-W,HH-43-U,72,no,0,WEVI,a,1,1,,1
05/28/2024,2024,6:55,0,HH-43-W,7,control-closed,wetland,HH-43-W,HH-43-U,72,no,0,COYE,a,0,,1,1
05/28/2024,2024,6:55,0,HH-43-W,7,control-closed,wetland,HH-43-W,HH-43-U,72,no,0,BGGN,a,1,1,,1
05/28/2024,2024,6:55,0,HH-43-W,7,control-closed,wetland,HH-43-W,HH-43-U,72,no,0,RBWO,a,0,,1,1
05/28/2024,2024,7:10,0,HH-43-U,7,none,upland,HH-43-U,HH-43-W,72,no,1.4,CARW,a,,1,,1
05/28/2024,2024,7:10,0,HH-43-U,7,none,upland,HH-43-U,HH-43-W,72,no,1.4,YBCH,a,,1,,1
05/28/2024,2024,7:10,0,HH-43-U,7,none,upland,HH-43-U,HH-43-W,72,no,1.4,COYE,a,,,1,1
05/28/2024,2024,7:10,0,HH-43-U,7,none,upland,HH-43-U,HH-43-W,72,no,1.4,EAPH,a,,,1,1
05/28/2024,2024,7:10,0,HH-43-U,7,none,upland,HH-43-U,HH-43-W,72,no,1.4,EATO,a,,,3,3
05/28/2024,2024,7:10,0,HH-43-U,7,none,upland,HH-43-U,HH-43-W,72,no,1.4,INBU,a,,1,,1
05/28/2024,2024,7:10,0,HH-43-U,7,none,upland,HH-43-U,HH-43-W,72,no,1.4,BACS,a,,,1,1
05/28/2024,2024,7:25,0,HH-60-U,1,none,upland,HH-60-U,HH-60-W,72,no,1.8,NOMO,v,,1,,1
05/28/2024,2024,7:25,0,HH-60-U,1,none,upland,HH-60-U,HH-60-W,72,no,1.8,CARW,a,,,1,1
05/28/2024,2024,7:25,0,HH-60-U,1,none,upland,HH-60-U,HH-60-W,72,no,1.8,PIWA,a,,,2,2
05/28/2024,2024,7:25,0,HH-60-U,1,none,upland,HH-60-U,HH-60-W,72,no,1.8,EAWP,a,,,1,1
05/28/2024,2024,7:25,0,HH-60-U,1,none,upland,HH-60-U,HH-60-W,72,no,1.8,BLJA,a,,,1,1
05/28/2024,2024,7:25,0,HH-60-U,1,none,upland,HH-60-U,HH-60-W,72,no,1.8,PIWO,a,,,1,1
05/28/2024,2024,7:25,0,HH-60-U,1,none,upland,HH-60-U,HH-60-W,72,no,1.8,RBWO,a,,,2,2
05/28/2024,2024,7:25,0,HH-60-U,1,none,upland,HH-60-U,HH-60-W,72,no,1.8,EATO,v,,,1,1
05/28/2024,2024,7:25,0,HH-60-U,1,none,upland,HH-60-U,HH-60-W,72,no,1.8,EABL,a,,,1,1
05/28/2024,2024,7:25,0,HH-60-U,1,none,upland,HH-60-U,HH-60-W,72,no,1.8,BGGN,a,,1,,1
05/28/2024,2024,7:25,0,HH-60-U,1,none,upland,HH-60-U,HH-60-W,72,no,1.8,NOCA,a,,,1,1
05/28/2024,2024,7:40,0,HH-13-U,1,none,upland,HH-13-U,HH-13-W,73,no,2,COYE,a,,2,,2
05/28/2024,2024,7:40,0,HH-13-U,1,none,upland,HH-13-U,HH-13-W,73,no,2,RBWO,a,,,1,1
05/28/2024,2024,7:40,0,HH-13-U,1,none,upland,HH-13-U,HH-13-W,73,no,2,NOCA,a,,,1,1
05/28/2024,2024,7:40,0,HH-13-U,1,none,upland,HH-13-U,HH-13-W,73,no,2,BGGN,a,,1,,1
05/28/2024,2024,7:40,0,HH-13-U,1,none,upland,HH-13-U,HH-13-W,73,no,2,NOMO,a,,,1,1
05/28/2024,2024,7:40,0,HH-13-U,1,none,upland,HH-13-U,HH-13-W,73,no,2,BACS,a,,,1,1
05/28/2024,2024,7:40,0,HH-13-U,1,none,upland,HH-13-U,HH-13-W,73,no,2,CARW,a,,1,,1
05/28/2024,2024,7:40,0,HH-13-U,1,none,upland,HH-13-U,HH-13-W,73,no,2,TUTI,a,,1,,1
05/28/2024,2024,7:40,0,HH-13-U,1,none,upland,HH-13-U,HH-13-W,73,no,2,TUTI,v,,1,,1
05/28/2024,2024,7:40,0,HH-13-U,1,none,upland,HH-13-U,HH-13-W,73,no,2,GCFL,a,,1,,1
05/28/2024,2024,7:55,0,HH-05-W,4,control-open,wetland,HH-05-W,HH-05-U,73,yes,0,NOCA,v,1,2,,2
05/28/2024,2024,7:55,0,HH-05-W,4,control-open,wetland,HH-05-W,HH-05-U,73,yes,0,BLGR,a,0,1,,1
05/28/2024,2024,7:55,0,HH-05-W,4,control-open,wetland,HH-05-W,HH-05-U,73,yes,0,COYE,a,0,2,,2
05/28/2024,2024,7:55,0,HH-05-W,4,control-open,wetland,HH-05-W,HH-05-U,73,yes,0,EAWP,a,0,,1,1
05/28/2024,2024,7:55,0,HH-05-W,4,control-open,wetland,HH-05-W,HH-05-U,73,yes,0,CARW,a,0,,1,1
05/28/2024,2024,7:55,0,HH-05-W,4,control-open,wetland,HH-05-W,HH-05-U,73,yes,0,EATO,a,0,,1,1
05/28/2024,2024,7:55,0,HH-05-W,4,control-open,wetland,HH-05-W,HH-05-U,73,yes,0,BACS,a,0,,1,1
05/28/2024,2024,7:55,0,HH-05-W,4,control-open,wetland,HH-05-W,HH-05-U,73,yes,0,MODO,a,0,,1,1
05/28/2024,2024,8:15,0,HH-15-W,2,control-closed,wetland,HH-15-W,HH-15-U,74,no,5.4,CARW,a,0,,1,1
05/28/2024,2024,8:15,0,HH-15-W,2,control-closed,wetland,HH-15-W,HH-15-U,74,no,5.4,PIWA,a,0,,3,3
05/28/2024,2024,8:15,0,HH-15-W,2,control-closed,wetland,HH-15-W,HH-15-U,74,no,5.4,BHCO,a,1,1,,1
05/28/2024,2024,8:15,0,HH-15-W,2,control-closed,wetland,HH-15-W,HH-15-U,74,no,5.4,RWBL,a,0,,1,1
05/28/2024,2024,8:15,0,HH-15-W,2,control-closed,wetland,HH-15-W,HH-15-U,74,no,5.4,GCFL,a,0,,1,1
05/28/2024,2024,8:15,0,HH-15-W,2,control-closed,wetland,HH-15-W,HH-15-U,74,no,5.4,OROR,a,1,1,,1
05/28/2024,2024,8:30,0,HH-14-W,2,cut-leave,wetland,HH-14-W,HH-14-U,74,no,2.8,PIWA,a,0,1,,1
05/28/2024,2024,8:30,0,HH-14-W,2,cut-leave,wetland,HH-14-W,HH-14-U,74,no,2.8,BGGN,a,0,,1,1
05/28/2024,2024,8:30,0,HH-14-W,2,cut-leave,wetland,HH-14-W,HH-14-U,74,no,2.8,NOMO,a,0,,1,1
05/28/2024,2024,8:30,0,HH-14-W,2,cut-leave,wetland,HH-14-W,HH-14-U,74,no,2.8,TUTI,a,0,,1,1
05/28/2024,2024,8:30,0,HH-14-W,2,cut-leave,wetland,HH-14-W,HH-14-U,74,no,2.8,COYE,a,0,,1,1
05/28/2024,2024,8:30,0,HH-14-W,2,cut-leave,wetland,HH-14-W,HH-14-U,74,no,2.8,NOCA,a,0,,1,1
05/28/2024,2024,8:30,0,HH-14-W,2,cut-leave,wetland,HH-14-W,HH-14-U,74,no,2.8,WBNU,a,0,,1,1
05/28/2024,2024,8:45,0,HH-48-W,3,cut-leave,wetland,HH-48-W,HH-48-U,75,yes,2,CARW,v,1,1,,1
05/28/2024,2024,8:45,0,HH-48-W,3,cut-leave,wetland,HH-48-W,HH-48-U,75,yes,2,PIWA,a,0,1,,1
05/28/2024,2024,8:45,0,HH-48-W,3,cut-leave,wetland,HH-48-W,HH-48-U,75,yes,2,EAWP,a,0,,1,1
05/28/2024,2024,8:45,0,HH-48-W,3,cut-leave,wetland,HH-48-W,HH-48-U,75,yes,2,CACH,a,1,1,,1
05/28/2024,2024,8:45,0,HH-48-W,3,cut-leave,wetland,HH-48-W,HH-48-U,75,yes,2,GCFL,a,0,,1,1
05/28/2024,2024,8:45,0,HH-48-W,3,cut-leave,wetland,HH-48-W,HH-48-U,75,yes,2,BLGR,a,1,1,,1
05/28/2024,2024,8:45,0,HH-48-W,3,cut-leave,wetland,HH-48-W,HH-48-U,75,yes,2,NOCA,a,0,,1,1
05/28/2024,2024,8:45,0,HH-48-W,3,cut-leave,wetland,HH-48-W,HH-48-U,75,yes,2,NOCA,v,1,1,,1
05/28/2024,2024,8:45,0,HH-48-W,3,cut-leave,wetland,HH-48-W,HH-48-U,75,yes,2,BGGN,a,1,1,,1
05/28/2024,2024,8:45,0,HH-48-W,3,cut-leave,wetland,HH-48-W,HH-48-U,75,yes,2,COYE,a,0,,1,1
05/29/2024,2024,6:45,0,HH-34-U,1,none,upland,HH-34-U,HH-34-W,68,no,0,NOMO,v,,3,,3
05/29/2024,2024,6:45,0,HH-34-U,1,none,upland,HH-34-U,HH-34-W,68,no,0,RBWO,a,,,1,1
05/29/2024,2024,6:45,0,HH-34-U,1,none,upland,HH-34-U,HH-34-W,68,no,0,BACS,a,,3,,3
05/29/2024,2024,6:45,0,HH-34-U,1,none,upland,HH-34-U,HH-34-W,68,no,0,BACS,a,,,1,1
05/29/2024,2024,6:45,0,HH-34-U,1,none,upland,HH-34-U,HH-34-W,68,no,0,CARW,a,,,1,1
05/29/2024,2024,6:45,0,HH-34-U,1,none,upland,HH-34-U,HH-34-W,68,no,0,PIWA,a,,2,,2
05/29/2024,2024,6:45,0,HH-34-U,1,none,upland,HH-34-U,HH-34-W,68,no,0,BRTH,a,,1,,1
05/29/2024,2024,6:45,0,HH-34-U,1,none,upland,HH-34-U,HH-34-W,68,no,0,PIWO,a,,,1,1
05/29/2024,2024,6:45,0,HH-34-U,1,none,upland,HH-34-U,HH-34-W,68,no,0,BHNU,a,,3,,3
05/29/2024,2024,6:45,0,HH-34-U,1,none,upland,HH-34-U,HH-34-W,68,no,0,RCWO,v,,1,,1
05/29/2024,2024,6:45,0,HH-34-U,1,none,upland,HH-34-U,HH-34-W,68,no,0,OROR,a,,,1,1
05/29/2024,2024,6:55,0,HH-43-U,7,none,upland,HH-43-U,HH-43-W,68,no,0,NOCA,a,,1,,1
05/29/2024,2024,6:55,0,HH-43-U,7,none,upland,HH-43-U,HH-43-W,68,no,0,COYE,a,,,1,1
05/29/2024,2024,6:55,0,HH-43-U,7,none,upland,HH-43-U,HH-43-W,68,no,0,INBU,a,,,1,1
05/29/2024,2024,6:55,0,HH-43-U,7,none,upland,HH-43-U,HH-43-W,68,no,0,EATO,a,,,1,1
05/29/2024,2024,6:55,0,HH-43-U,7,none,upland,HH-43-U,HH-43-W,68,no,0,EAWP,a,,,1,1
05/29/2024,2024,6:55,0,HH-43-U,7,none,upland,HH-43-U,HH-43-W,68,no,0,BGGN,a,,1,,1
05/29/2024,2024,6:55,0,HH-43-U,7,none,upland,HH-43-U,HH-43-W,68,no,0,MODO,a,,,1,1
05/29/2024,2024,6:55,0,HH-43-U,7,none,upland,HH-43-U,HH-43-W,68,no,0,CHSW,v,,1,,1
05/29/2024,2024,6:55,0,HH-43-U,7,none,upland,HH-43-U,HH-43-W,68,no,0,BLGR,a,,,1,1
05/29/2024,2024,6:55,0,HH-43-U,7,none,upland,HH-43-U,HH-43-W,68,no,0,PRWA,a,,1,,1
05/29/2024,2024,7:10,0,HH-50-W,3,control-open,wetland,HH-50-W,HH-50-U,68,no,0,WBNU,a,1,1,,1
05/29/2024,2024,7:10,0,HH-50-W,3,control-open,wetland,HH-50-W,HH-50-U,68,no,0,WEVI,a,0,,1,1
05/29/2024,2024,7:10,0,HH-50-W,3,control-open,wetland,HH-50-W,HH-50-U,68,no,0,NOCA,a,0,,1,1
05/29/2024,2024,7:10,0,HH-50-W,3,control-open,wetland,HH-50-W,HH-50-U,68,no,0,RBWO,a,0,,1,1
05/29/2024,2024,7:10,0,HH-50-W,3,control-open,wetland,HH-50-W,HH-50-U,68,no,0,YTWA,a,1,1,,1
05/29/2024,2024,7:10,0,HH-50-W,3,control-open,wetland,HH-50-W,HH-50-U,68,no,0,YTWA,a,1,,1,1
05/29/2024,2024,7:10,0,HH-50-W,3,control-open,wetland,HH-50-W,HH-50-U,68,no,0,KILL,v,1,1,,1
05/29/2024,2024,7:10,0,HH-50-W,3,control-open,wetland,HH-50-W,HH-50-U,68,no,0,RSHA,a,0,,1,1
05/29/2024,2024,7:10,0,HH-50-W,3,control-open,wetland,HH-50-W,HH-50-U,68,no,0,PIWA,a,1,1,,1
05/29/2024,2024,7:30,0,HH-45-U,7,none,upland,HH-45-U,HH-45-W,69,no,0,INBU,a,,3,,3
05/29/2024,2024,7:30,0,HH-45-U,7,none,upland,HH-45-U,HH-45-W,69,no,0,COYE,a,,1,,1
05/29/2024,2024,7:30,0,HH-45-U,7,none,upland,HH-45-U,HH-45-W,69,no,0,GCFL,v,,,1,1
05/29/2024,2024,7:30,0,HH-45-U,7,none,upland,HH-45-U,HH-45-W,69,no,0,EABL,a,,1,,1
05/29/2024,2024,7:30,0,HH-45-U,7,none,upland,HH-45-U,HH-45-W,69,no,0,NOCA,a,,,1,1
05/29/2024,2024,7:30,0,HH-45-U,7,none,upland,HH-45-U,HH-45-W,69,no,0,CACH,a,,,1,1
05/29/2024,2024,7:30,0,HH-45-U,7,none,upland,HH-45-U,HH-45-W,69,no,0,TUTI,a,,,1,1
05/29/2024,2024,7:45,0,HH-45-W,7,control-open,wetland,HH-45-W,HH-45-U,69,no,0.9,RCWO,v,0,,1,1
05/29/2024,2024,7:45,0,HH-45-W,7,control-open,wetland,HH-45-W,HH-45-U,69,no,0.9,BGGN,v,1,6,,6
05/29/2024,2024,7:45,0,HH-45-W,7,control-open,wetland,HH-45-W,HH-45-U,69,no,0.9,COYE,a,0,,1,1
05/29/2024,2024,7:45,0,HH-45-W,7,control-open,wetland,HH-45-W,HH-45-U,69,no,0.9,LAGU,v,0,,3,3
05/29/2024,2024,7:45,0,HH-45-W,7,control-open,wetland,HH-45-W,HH-45-U,69,no,0.9,YBCH,a,0,,1,1
05/29/2024,2024,7:45,0,HH-45-W,7,control-open,wetland,HH-45-W,HH-45-U,69,no,0.9,TUTI,v,0,2,1,3
05/29/2024,2024,7:45,0,HH-45-W,7,control-open,wetland,HH-45-W,HH-45-U,69,no,0.9,EATO,a,0,,2,2
05/29/2024,2024,7:45,0,HH-45-W,7,control-open,wetland,HH-45-W,HH-45-U,69,no,0.9,NOMO,a,0,,1,1
05/29/2024,2024,7:45,0,HH-45-W,7,control-open,wetland,HH-45-W,HH-45-U,69,no,0.9,CACH,a,0,1,,1
05/29/2024,2024,7:45,0,HH-45-W,7,control-open,wetland,HH-45-W,HH-45-U,69,no,0.9,EAKI,a,0,,1,1
05/29/2024,2024,8:05,0,HH-50-U,3,none,upland,HH-50-U,HH-50-W,71,no,1,TUTI,a,,1,1,2
05/29/2024,2024,8:05,0,HH-50-U,3,none,upland,HH-50-U,HH-50-W,71,no,1,CARW,a,,,1,1
05/29/2024,2024,8:05,0,HH-50-U,3,none,upland,HH-50-U,HH-50-W,71,no,1,COYE,a,,1,,1
05/29/2024,2024,8:05,0,HH-50-U,3,none,upland,HH-50-U,HH-50-W,71,no,1,NOPA,a,,1,,1
05/29/2024,2024,8:05,0,HH-50-U,3,none,upland,HH-50-U,HH-50-W,71,no,1,BACS,a,,,1,1
05/29/2024,2024,8:05,0,HH-50-U,3,none,upland,HH-50-U,HH-50-W,71,no,1,RBWO,a,,,2,2
05/29/2024,2024,8:05,0,HH-50-U,3,none,upland,HH-50-U,HH-50-W,71,no,1,CACH,a,,,1,1
05/29/2024,2024,8:05,0,HH-50-U,3,none,upland,HH-50-U,HH-50-W,71,no,1,BHNU,a,,1,,1
05/29/2024,2024,8:20,0,HH-04-U,4,none,upland,HH-04-U,HH-04-W,72,no,1.1,EAKI,v,,1,1,2
05/29/2024,2024,8:20,0,HH-04-U,4,none,upland,HH-04-U,HH-04-W,72,no,1.1,NOMO,a,,3,,3
05/29/2024,2024,8:20,0,HH-04-U,4,none,upland,HH-04-U,HH-04-W,72,no,1.1,CARW,a,,1,,1
05/29/2024,2024,8:20,0,HH-04-U,4,none,upland,HH-04-U,HH-04-W,72,no,1.1,YBCH,a,,,1,1
05/29/2024,2024,8:20,0,HH-04-U,4,none,upland,HH-04-U,HH-04-W,72,no,1.1,BACS,a,,,1,1
05/29/2024,2024,8:20,0,HH-04-U,4,none,upland,HH-04-U,HH-04-W,72,no,1.1,EABL,a,,2,,2
05/29/2024,2024,8:20,0,HH-04-U,4,none,upland,HH-04-U,HH-04-W,72,no,1.1,NOCA,a,,,1,1
05/29/2024,2024,8:20,0,HH-04-U,4,none,upland,HH-04-U,HH-04-W,72,no,1.1,COYE,a,,1,,1
05/29/2024,2024,8:20,0,HH-04-U,4,none,upland,HH-04-U,HH-04-W,72,no,1.1,INBU,a,,,1,1
05/29/2024,2024,8:20,0,HH-04-U,4,none,upland,HH-04-U,HH-04-W,72,no,1.1,BGGN,a,,1,,1
05/29/2024,2024,8:40,0,HH-48-U,3,none,upland,HH-48-U,HH-48-W,73,no,1.2,EAWP,a,,,1,1
05/29/2024,2024,8:40,0,HH-48-U,3,none,upland,HH-48-U,HH-48-W,73,no,1.2,PIWA,a,,,1,1
05/29/2024,2024,8:40,0,HH-48-U,3,none,upland,HH-48-U,HH-48-W,73,no,1.2,DOWO,a,,,1,1
05/29/2024,2024,8:40,0,HH-48-U,3,none,upland,HH-48-U,HH-48-W,73,no,1.2,CACH,a,,1,,1
05/29/2024,2024,8:40,0,HH-48-U,3,none,upland,HH-48-U,HH-48-W,73,no,1.2,NOPA,a,,1,,1
05/29/2024,2024,8:40,0,HH-48-U,3,none,upland,HH-48-U,HH-48-W,73,no,1.2,WEVI,a,,,1,1
05/29/2024,2024,8:40,0,HH-48-U,3,none,upland,HH-48-U,HH-48-W,73,no,1.2,TUTI,a,,,1,1
05/29/2024,2024,8:40,0,HH-48-U,3,none,upland,HH-48-U,HH-48-W,73,no,1.2,BHNU,a,,2,,2
05/29/2024,2024,8:40,0,HH-48-U,3,none,upland,HH-48-U,HH-48-W,73,no,1.2,EABL,a,,,1,1
05/29/2024,2024,8:55,0,HH-02-W,4,cut-remove,wetland,HH-02-W,HH-02-U,75,no,0,MODO,a,0,,1,1
05/29/2024,2024,8:55,0,HH-02-W,4,cut-remove,wetland,HH-02-W,HH-02-U,75,no,0,NOMO,v,0,,1,1
05/29/2024,2024,8:55,0,HH-02-W,4,cut-remove,wetland,HH-02-W,HH-02-U,75,no,0,NOCA,a,0,,1,1
05/29/2024,2024,8:55,0,HH-02-W,4,cut-remove,wetland,HH-02-W,HH-02-U,75,no,0,BLJA,a,0,,1,1
05/29/2024,2024,8:55,0,HH-02-W,4,cut-remove,wetland,HH-02-W,HH-02-U,75,no,0,OROR,a,1,1,,1
05/29/2024,2024,8:55,0,HH-02-W,4,cut-remove,wetland,HH-02-W,HH-02-U,75,no,0,GCFL,a,0,,1,1
05/29/2024,2024,8:55,0,HH-02-W,4,cut-remove,wetland,HH-02-W,HH-02-U,75,no,0,SUTA,a,1,1,,1
05/29/2024,2024,8:55,0,HH-02-W,4,cut-remove,wetland,HH-02-W,HH-02-U,75,no,0,TUTI,a,0,,1,1
05/29/2024,2024,8:55,0,HH-02-W,4,cut-remove,wetland,HH-02-W,HH-02-U,75,no,0,BGGN,a,1,1,,1
05/29/2024,2024,8:55,0,HH-02-W,4,cut-remove,wetland,HH-02-W,HH-02-U,75,no,0,DOWO,a,0,,1,1
05/30/2024,2024,6:40,0,HH-17-U,2,none,upland,HH-17-U,HH-17-W,65,no,2.6,HOFI,v,,2,,2
05/30/2024,2024,6:40,0,HH-17-U,2,none,upland,HH-17-U,HH-17-W,65,no,2.6,COYE,a,,1,,1
05/30/2024,2024,6:40,0,HH-17-U,2,none,upland,HH-17-U,HH-17-W,65,no,2.6,BHNU,a,,,1,1
05/30/2024,2024,6:40,0,HH-17-U,2,none,upland,HH-17-U,HH-17-W,65,no,2.6,RBWO,a,,,1,1
05/30/2024,2024,6:40,0,HH-17-U,2,none,upland,HH-17-U,HH-17-W,65,no,2.6,CHSP,a,,,1,1
05/30/2024,2024,6:40,0,HH-17-U,2,none,upland,HH-17-U,HH-17-W,65,no,2.6,CARW,a,,,1,1
05/30/2024,2024,6:40,0,HH-17-U,2,none,upland,HH-17-U,HH-17-W,65,no,2.6,LAGU,v,,10,,10
05/30/2024,2024,7:05,0,HH-33-W,1,hack-squirt,wetland,HH-33-W,HH-33-U,65,no,0,BACS,a,0,2,,2
05/30/2024,2024,7:05,0,HH-33-W,1,hack-squirt,wetland,HH-33-W,HH-33-U,65,no,0,BGGN,a,1,1,,1
05/30/2024,2024,7:05,0,HH-33-W,1,hack-squirt,wetland,HH-33-W,HH-33-U,65,no,0,EAWP,a,0,,1,1
05/30/2024,2024,7:05,0,HH-33-W,1,hack-squirt,wetland,HH-33-W,HH-33-U,65,no,0,CARW,a,0,,1,1
05/30/2024,2024,7:05,0,HH-33-W,1,hack-squirt,wetland,HH-33-W,HH-33-U,65,no,0,COYE,a,0,,2,2
05/30/2024,2024,7:05,0,HH-33-W,1,hack-squirt,wetland,HH-33-W,HH-33-U,65,no,0,LAGU,v,1,1,,1
05/30/2024,2024,7:05,0,HH-33-W,1,hack-squirt,wetland,HH-33-W,HH-33-U,65,no,0,PIWA,a,0,,1,1
05/30/2024,2024,7:05,0,HH-33-W,1,hack-squirt,wetland,HH-33-W,HH-33-U,65,no,0,RBWO,a,0,,1,1
05/30/2024,2024,7:20,0,HH-49-W,3,hack-squirt,wetland,HH-49-W,HH-49-U,65,yes,0,EAWP,a,1,1,,1
05/30/2024,2024,7:20,0,HH-49-W,3,hack-squirt,wetland,HH-49-W,HH-49-U,65,yes,0,TUTI,a,0,,1,1
05/30/2024,2024,7:20,0,HH-49-W,3,hack-squirt,wetland,HH-49-W,HH-49-U,65,yes,0,PIWA,a,0,,1,1
05/30/2024,2024,7:20,0,HH-49-W,3,hack-squirt,wetland,HH-49-W,HH-49-U,65,yes,0,NOCA,a,0,,1,1
05/30/2024,2024,7:20,0,HH-49-W,3,hack-squirt,wetland,HH-49-W,HH-49-U,65,yes,0,CHSP,a,0,,1,1
05/30/2024,2024,7:20,0,HH-49-W,3,hack-squirt,wetland,HH-49-W,HH-49-U,65,yes,0,PIWO,a,0,,1,1
05/30/2024,2024,7:20,0,HH-49-W,3,hack-squirt,wetland,HH-49-W,HH-49-U,65,yes,0,INBU,a,0,,1,1
05/30/2024,2024,7:20,0,HH-49-W,3,hack-squirt,wetland,HH-49-W,HH-49-U,65,yes,0,COYE,a,0,,1,1
05/30/2024,2024,7:20,0,HH-49-W,3,hack-squirt,wetland,HH-49-W,HH-49-U,65,yes,0,BACS,a,0,,1,1
05/30/2024,2024,7:20,0,HH-49-W,3,hack-squirt,wetland,HH-49-W,HH-49-U,65,yes,0,BLJA,a,0,,1,1
05/30/2024,2024,7:20,0,HH-49-W,3,hack-squirt,wetland,HH-49-W,HH-49-U,65,yes,0,NOMO,a,0,,1,1
05/30/2024,2024,7:20,0,HH-49-W,3,hack-squirt,wetland,HH-49-W,HH-49-U,65,yes,0,CARW,a,1,1,,1
05/30/2024,2024,7:40,0,HH-32-W,1,control-closed,wetland,HH-32-W,HH-32-U,66,no,2.7,BGGN,v,1,2,,2
05/30/2024,2024,7:40,0,HH-32-W,1,control-closed,wetland,HH-32-W,HH-32-U,66,no,2.7,LAGU,v,1,2,,2
05/30/2024,2024,7:40,0,HH-32-W,1,control-closed,wetland,HH-32-W,HH-32-U,66,no,2.7,EAWP,a,0,,1,1
05/30/2024,2024,7:40,0,HH-32-W,1,control-closed,wetland,HH-32-W,HH-32-U,66,no,2.7,PIWA,a,0,,1,1
05/30/2024,2024,7:40,0,HH-32-W,1,control-closed,wetland,HH-32-W,HH-32-U,66,no,2.7,BLJA,a,0,,1,1
05/30/2024,2024,7:40,0,HH-32-W,1,control-closed,wetland,HH-32-W,HH-32-U,66,no,2.7,COYE,a,0,,1,1
05/30/2024,2024,7:40,0,HH-32-W,1,control-closed,wetland,HH-32-W,HH-32-U,66,no,2.7,NOMO,a,0,,1,1
05/30/2024,2024,7:40,0,HH-32-W,1,control-closed,wetland,HH-32-W,HH-32-U,66,no,2.7,RHWO,v,1,1,,1
05/30/2024,2024,7:40,0,HH-32-W,1,control-closed,wetland,HH-32-W,HH-32-U,66,no,2.7,TUTI,a,0,,1,1
05/30/2024,2024,7:40,0,HH-32-W,1,control-closed,wetland,HH-32-W,HH-32-U,66,no,2.7,OROR,a,0,,1,1
05/30/2024,2024,7:40,0,HH-32-W,1,control-closed,wetland,HH-32-W,HH-32-U,66,no,2.7,RBWO,a,0,,1,1
05/30/2024,2024,8:00,0,HH-17-W,2,cut-leave,wetland,HH-17-W,HH-17-U,67,no,3.3,BGGN,v,1,1,,1
05/30/2024,2024,8:00,0,HH-17-W,2,cut-leave,wetland,HH-17-W,HH-17-U,67,no,3.3,LAGU,v,1,2,,2
05/30/2024,2024,8:00,0,HH-17-W,2,cut-leave,wetland,HH-17-W,HH-17-U,67,no,3.3,CHSP,a,0,,1,1
05/30/2024,2024,8:00,0,HH-17-W,2,cut-leave,wetland,HH-17-W,HH-17-U,67,no,3.3,WEVI,a,0,,1,1
05/30/2024,2024,8:00,0,HH-17-W,2,cut-leave,wetland,HH-17-W,HH-17-U,67,no,3.3,EABL,a,0,,2,2
05/30/2024,2024,8:00,0,HH-17-W,2,cut-leave,wetland,HH-17-W,HH-17-U,67,no,3.3,NOCA,a,0,,1,1
05/30/2024,2024,8:00,0,HH-17-W,2,cut-leave,wetland,HH-17-W,HH-17-U,67,no,3.3,GCFL,a,0,,1,1
05/30/2024,2024,8:00,0,HH-17-W,2,cut-leave,wetland,HH-17-W,HH-17-U,67,no,3.3,EAWP,a,0,,1,1
05/30/2024,2024,8:15,0,HH-32-U,1,none,upland,HH-32-U,HH-32-W,68,no,3.3,CACH,a,,,1,1
05/30/2024,2024,8:15,0,HH-32-U,1,none,upland,HH-32-U,HH-32-W,68,no,3.3,EAWP,a,,,1,1
05/30/2024,2024,8:15,0,HH-32-U,1,none,upland,HH-32-U,HH-32-W,68,no,3.3,PIWA,a,,,1,1
05/30/2024,2024,8:15,0,HH-32-U,1,none,upland,HH-32-U,HH-32-W,68,no,3.3,COYE,a,,,1,1
05/30/2024,2024,8:15,0,HH-32-U,1,none,upland,HH-32-U,HH-32-W,68,no,3.3,NOMO,a,,,1,1
05/30/2024,2024,8:15,0,HH-32-U,1,none,upland,HH-32-U,HH-32-W,68,no,3.3,BACS,a,,,1,1
05/30/2024,2024,8:15,0,HH-32-U,1,none,upland,HH-32-U,HH-32-W,68,no,3.3,EABL,a,,,1,1
05/30/2024,2024,8:15,0,HH-32-U,1,none,upland,HH-32-U,HH-32-W,68,no,3.3,BHNU,a,,,1,1
05/30/2024,2024,8:15,0,HH-32-U,1,none,upland,HH-32-U,HH-32-W,68,no,3.3,CHSP,a,,,1,1
05/30/2024,2024,8:35,0,HH-04-W,4,hack-squirt,wetland,HH-04-W,HH-04-U,69,no,0,EATO,a,0,3,,3
05/30/2024,2024,8:35,0,HH-04-W,4,hack-squirt,wetland,HH-04-W,HH-04-U,69,no,0,CARW,a,0,,1,1
05/30/2024,2024,8:35,0,HH-04-W,4,hack-squirt,wetland,HH-04-W,HH-04-U,69,no,0,BHCO,a,1,1,,1
05/30/2024,2024,8:35,0,HH-04-W,4,hack-squirt,wetland,HH-04-W,HH-04-U,69,no,0,NOCA,a,0,,1,1
05/30/2024,2024,8:35,0,HH-04-W,4,hack-squirt,wetland,HH-04-W,HH-04-U,69,no,0,BACS,a,0,1,,1
05/30/2024,2024,8:35,0,HH-04-W,4,hack-squirt,wetland,HH-04-W,HH-04-U,69,no,0,COYE,a,0,1,,1
05/30/2024,2024,8:35,0,HH-04-W,4,hack-squirt,wetland,HH-04-W,HH-04-U,69,no,0,COYE,a,1,,1,1
05/30/2024,2024,8:35,0,HH-04-W,4,hack-squirt,wetland,HH-04-W,HH-04-U,69,no,0,SUTA,a,1,1,,1
05/30/2024,2024,8:35,0,HH-04-W,4,hack-squirt,wetland,HH-04-W,HH-04-U,69,no,0,OROR,a,0,,1,1
05/30/2024,2024,8:50,0,HH-15-U,2,none,upland,HH-15-U,HH-15-W,70,no,2.2,EAWP,a,,,1,1
05/30/2024,2024,8:50,0,HH-15-U,2,none,upland,HH-15-U,HH-15-W,70,no,2.2,BHNU,a,,1,1,2
05/30/2024,2024,8:50,0,HH-15-U,2,none,upland,HH-15-U,HH-15-W,70,no,2.2,COYE,a,,,1,1
05/30/2024,2024,8:50,0,HH-15-U,2,none,upland,HH-15-U,HH-15-W,70,no,2.2,CHSP,a,,,1,1
05/30/2024,2024,8:50,0,HH-15-U,2,none,upland,HH-15-U,HH-15-W,70,no,2.2,OROR,a,,,1,1
05/30/2024,2024,8:50,0,HH-15-U,2,none,upland,HH-15-U,HH-15-W,70,no,2.2,NOCA,a,,,1,1
05/30/2024,2024,8:50,0,HH-15-U,2,none,upland,HH-15-U,HH-15-W,70,no,2.2,BACS,a,,,1,1
05/30/2024,2024,8:50,0,HH-15-U,2,none,upland,HH-15-U,HH-15-W,70,no,2.2,EAKI,a,,,1,1
05/30/2024,2024,8:50,0,HH-15-U,2,none,upland,HH-15-U,HH-15-W,70,no,2.2,EAKI,v,,1,,1
06/03/2024,2024,6:45,0,HH-13-W,1,cut-leave,wetland,HH-13-W,HH-13-U,67,no,0,BGGN,v,1,1,,1
06/03/2024,2024,6:45,0,HH-13-W,1,cut-leave,wetland,HH-13-W,HH-13-U,67,no,0,COYE,a,1,2,,2
06/03/2024,2024,6:45,0,HH-13-W,1,cut-leave,wetland,HH-13-W,HH-13-U,67,no,0,CARW,a,1,3,,3
06/03/2024,2024,6:45,0,HH-13-W,1,cut-leave,wetland,HH-13-W,HH-13-U,67,no,0,RBWO,a,0,,1,1
06/03/2024,2024,6:45,0,HH-13-W,1,cut-leave,wetland,HH-13-W,HH-13-U,67,no,0,GCFL,a,0,1,,1
06/03/2024,2024,6:45,0,HH-13-W,1,cut-leave,wetland,HH-13-W,HH-13-U,67,no,0,PIWA,a,0,2,,2
06/03/2024,2024,6:45,0,HH-13-W,1,cut-leave,wetland,HH-13-W,HH-13-U,67,no,0,NOCA,a,0,,1,1
06/03/2024,2024,6:45,0,HH-13-W,1,cut-leave,wetland,HH-13-W,HH-13-U,67,no,0,BACS,a,0,1,,1
06/03/2024,2024,7:10,0,HH-43-W,7,control-closed,wetland,HH-43-W,HH-43-U,69,no,0,CARW,a,1,1,,1
06/03/2024,2024,7:10,0,HH-43-W,7,control-closed,wetland,HH-43-W,HH-43-U,69,no,0,BGGN,a,1,1,,1
06/03/2024,2024,7:10,0,HH-43-W,7,control-closed,wetland,HH-43-W,HH-43-U,69,no,0,RBWO,a,0,,1,1
06/03/2024,2024,7:10,0,HH-43-W,7,control-closed,wetland,HH-43-W,HH-43-U,69,no,0,INBU,a,0,,1,1
06/03/2024,2024,7:10,0,HH-43-W,7,control-closed,wetland,HH-43-W,HH-43-U,69,no,0,COYE,a,0,,1,1
06/03/2024,2024,7:10,0,HH-43-W,7,control-closed,wetland,HH-43-W,HH-43-U,69,no,0,BLGR,a,0,,1,1
06/03/2024,2024,7:10,0,HH-43-W,7,control-closed,wetland,HH-43-W,HH-43-U,69,no,0,NOMO,a,0,,1,1
06/03/2024,2024,7:10,0,HH-43-W,7,control-closed,wetland,HH-43-W,HH-43-U,69,no,0,EATO,a,0,,1,1
06/03/2024,2024,7:35,0,HH-02-U,4,none,upland,HH-02-U,HH-02-W,70,no,0,OROR,a,,1,,1
06/03/2024,2024,7:35,0,HH-02-U,4,none,upland,HH-02-U,HH-02-W,70,no,0,NOCA,a,,1,2,3
06/03/2024,2024,7:35,0,HH-02-U,4,none,upland,HH-02-U,HH-02-W,70,no,0,COYE,a,,2,1,3
06/03/2024,2024,7:35,0,HH-02-U,4,none,upland,HH-02-U,HH-02-W,70,no,0,SUTA,a,,2,,2
06/03/2024,2024,7:35,0,HH-02-U,4,none,upland,HH-02-U,HH-02-W,70,no,0,BLJA,a,,,1,1
06/03/2024,2024,7:35,0,HH-02-U,4,none,upland,HH-02-U,HH-02-W,70,no,0,INBU,a,,,2,2
06/03/2024,2024,7:35,0,HH-02-U,4,none,upland,HH-02-U,HH-02-W,70,no,0,NOPA,a,,,1,1
06/03/2024,2024,7:35,0,HH-02-U,4,none,upland,HH-02-U,HH-02-W,70,no,0,TUTI,a,,,1,1
06/03/2024,2024,8:05,0,HH-22-W,2,hack-squirt,wetland,HH-22-W,HH-22-U,72,no,0,BGGN,v,1,1,,1
06/03/2024,2024,8:05,0,HH-22-W,2,hack-squirt,wetland,HH-22-W,HH-22-U,72,no,0,CARW,a,0,,1,1
06/03/2024,2024,8:05,0,HH-22-W,2,hack-squirt,wetland,HH-22-W,HH-22-U,72,no,0,PIWA,a,0,,2,2
06/03/2024,2024,8:05,0,HH-22-W,2,hack-squirt,wetland,HH-22-W,HH-22-U,72,no,0,COYE,a,0,,2,2
06/03/2024,2024,8:05,0,HH-22-W,2,hack-squirt,wetland,HH-22-W,HH-22-U,72,no,0,REVI,a,1,1,,1
06/03/2024,2024,8:05,0,HH-22-W,2,hack-squirt,wetland,HH-22-W,HH-22-U,72,no,0,CHSP,a,0,,1,1
06/03/2024,2024,8:05,0,HH-22-W,2,hack-squirt,wetland,HH-22-W,HH-22-U,72,no,0,EABL,a,0,,1,1
06/03/2024,2024,8:05,0,HH-22-W,2,hack-squirt,wetland,HH-22-W,HH-22-U,72,no,0,RBWO,a,0,,1,1
06/03/2024,2024,8:20,0,HH-49-U,3,none,upland,HH-49-U,HH-49-W,73,no,0,EATO,a,,,1,1
06/03/2024,2024,8:20,0,HH-49-U,3,none,upland,HH-49-U,HH-49-W,73,no,0,YTWA,a,,,1,1
06/03/2024,2024,8:20,0,HH-49-U,3,none,upland,HH-49-U,HH-49-W,73,no,0,YTWA,v,,,1,1
06/03/2024,2024,8:20,0,HH-49-U,3,none,upland,HH-49-U,HH-49-W,73,no,0,NOCA,a,,1,,1
06/03/2024,2024,8:20,0,HH-49-U,3,none,upland,HH-49-U,HH-49-W,73,no,0,RBWO,a,,1,,1
06/03/2024,2024,8:20,0,HH-49-U,3,none,upland,HH-49-U,HH-49-W,73,no,0,RBWO,v,,,1,1
06/03/2024,2024,8:20,0,HH-49-U,3,none,upland,HH-49-U,HH-49-W,73,no,0,INBU,a,,,1,1
06/03/2024,2024,8:40,0,HH-60-W,1,control-closed,wetland,HH-60-W,HH-60-U,74,no,0,NOMO,a,0,,1,1
06/03/2024,2024,8:40,0,HH-60-W,1,control-closed,wetland,HH-60-W,HH-60-U,74,no,0,GCFL,a,1,2,,2
06/03/2024,2024,8:40,0,HH-60-W,1,control-closed,wetland,HH-60-W,HH-60-U,74,no,0,RBWO,a,0,,1,1
06/03/2024,2024,8:40,0,HH-60-W,1,control-closed,wetland,HH-60-W,HH-60-U,74,no,0,COYE,a,0,,1,1
06/03/2024,2024,8:40,0,HH-60-W,1,control-closed,wetland,HH-60-W,HH-60-U,74,no,0,EAWP,a,0,,1,1
06/03/2024,2024,8:40,0,HH-60-W,1,control-closed,wetland,HH-60-W,HH-60-U,74,no,0,PIWA,a,0,1,,1
06/03/2024,2024,8:40,0,HH-60-W,1,control-closed,wetland,HH-60-W,HH-60-U,74,no,0,CARW,a,1,1,,1
06/03/2024,2024,8:40,0,HH-60-W,1,control-closed,wetland,HH-60-W,HH-60-U,74,no,0,BLJA,a,0,,1,1
06/03/2024,2024,8:40,0,HH-60-W,1,control-closed,wetland,HH-60-W,HH-60-U,74,no,0,NOCA,a,0,1,,1
06/03/2024,2024,8:55,0,HH-07-W,4,cut-leave,wetland,HH-07-W,HH-07-U,75,no,1.4,COYE,a,0,,1,1
06/03/2024,2024,8:55,0,HH-07-W,4,cut-leave,wetland,HH-07-W,HH-07-U,75,no,1.4,EAWP,a,0,,2,2
06/03/2024,2024,8:55,0,HH-07-W,4,cut-leave,wetland,HH-07-W,HH-07-U,75,no,1.4,PIWA,a,0,,1,1
06/03/2024,2024,8:55,0,HH-07-W,4,cut-leave,wetland,HH-07-W,HH-07-U,75,no,1.4,RBWO,a,0,,1,1
06/03/2024,2024,8:55,0,HH-07-W,4,cut-leave,wetland,HH-07-W,HH-07-U,75,no,1.4,BGGN,v,1,1,,1
06/03/2024,2024,8:55,0,HH-07-W,4,cut-leave,wetland,HH-07-W,HH-07-U,75,no,1.4,TUTI,a,0,,1,1
06/03/2024,2024,8:55,0,HH-07-W,4,cut-leave,wetland,HH-07-W,HH-07-U,75,no,1.4,INBU,a,0,,1,1
06/03/2024,2024,8:55,0,HH-07-W,4,cut-leave,wetland,HH-07-W,HH-07-U,75,no,1.4,WEVI,a,0,,1,1
06/03/2024,2024,8:55,0,HH-07-W,4,cut-leave,wetland,HH-07-W,HH-07-U,75,no,1.4,CACH,a,0,,1,1
06/04/2024,2024,6:40,0,HH-34-W,1,control-open,wetland,HH-34-W,HH-34-U,69,no,0,COYE,a,0,1,,1
06/04/2024,2024,6:40,0,HH-34-W,1,control-open,wetland,HH-34-W,HH-34-U,69,no,0,EAWP,a,0,,1,1
06/04/2024,2024,6:40,0,HH-34-W,1,control-open,wetland,HH-34-W,HH-34-U,69,no,0,BGGN,v,1,1,,1
06/04/2024,2024,6:40,0,HH-34-W,1,control-open,wetland,HH-34-W,HH-34-U,69,no,0,GCFL,a,0,1,,1
06/04/2024,2024,6:40,0,HH-34-W,1,control-open,wetland,HH-34-W,HH-34-U,69,no,0,RBWO,a,0,,1,1
06/04/2024,2024,6:40,0,HH-34-W,1,control-open,wetland,HH-34-W,HH-34-U,69,no,0,LAGU,v,1,31,,31
06/04/2024,2024,6:40,0,HH-34-W,1,control-open,wetland,HH-34-W,HH-34-U,69,no,0,BACS,a,0,2,,2
06/04/2024,2024,6:40,0,HH-34-W,1,control-open,wetland,HH-34-W,HH-34-U,69,no,0,OROR,a,0,1,,1
06/04/2024,2024,6:40,0,HH-34-W,1,control-open,wetland,HH-34-W,HH-34-U,69,no,0,NOMO,a,0,,1,1
06/04/2024,2024,6:40,0,HH-34-W,1,control-open,wetland,HH-34-W,HH-34-U,69,no,0,REVI,a,1,1,,1
06/04/2024,2024,6:40,0,HH-34-W,1,control-open,wetland,HH-34-W,HH-34-U,69,no,0,BLGR,a,0,1,,1
06/04/2024,2024,7:00,0,HH-05-U,4,none,upland,HH-05-U,HH-05-W,69,no,0,CARW,a,,1,,1
06/04/2024,2024,7:00,0,HH-05-U,4,none,upland,HH-05-U,HH-05-W,69,no,0,EAKI,v,,,1,1
06/04/2024,2024,7:00,0,HH-05-U,4,none,upland,HH-05-U,HH-05-W,69,no,0,GCFL,a,,,1,1
06/04/2024,2024,7:00,0,HH-05-U,4,none,upland,HH-05-U,HH-05-W,69,no,0,BLGR,a,,1,,1
06/04/2024,2024,7:00,0,HH-05-U,4,none,upland,HH-05-U,HH-05-W,69,no,0,PIWA,a,,,1,1
06/04/2024,2024,7:00,0,HH-05-U,4,none,upland,HH-05-U,HH-05-W,69,no,0,COYE,a,,,2,2
06/04/2024,2024,7:00,0,HH-05-U,4,none,upland,HH-05-U,HH-05-W,69,no,0,EATO,a,,,2,2
06/04/2024,2024,7:00,0,HH-05-U,4,none,upland,HH-05-U,HH-05-W,69,no,0,EAWP,a,,,1,1
06/04/2024,2024,7:00,0,HH-05-U,4,none,upland,HH-05-U,HH-05-W,69,no,0,BGGN,a,,,1,1
06/04/2024,2024,7:00,0,HH-05-U,4,none,upland,HH-05-U,HH-05-W,69,no,0,BLJA,a,,,1,1
06/04/2024,2024,7:20,0,HH-46-W,7,control-open,wetland,HH-46-W,HH-46-U,70,no,0,BGGN,v,1,3,,3
06/04/2024,2024,7:20,0,HH-46-W,7,control-open,wetland,HH-46-W,HH-46-U,70,no,0,COYE,a,0,,1,1
06/04/2024,2024,7:20,0,HH-46-W,7,control-open,wetland,HH-46-W,HH-46-U,70,no,0,CACH,a,0,1,,1
06/04/2024,2024,7:20,0,HH-46-W,7,control-open,wetland,HH-46-W,HH-46-U,70,no,0,NOBO,a,0,1,,1
06/04/2024,2024,7:20,0,HH-46-W,7,control-open,wetland,HH-46-W,HH-46-U,70,no,0,CARW,a,0,1,1,2
06/04/2024,2024,7:20,0,HH-46-W,7,control-open,wetland,HH-46-W,HH-46-U,70,no,0,YBCH,a,0,1,,1
06/04/2024,2024,7:20,0,HH-46-W,7,control-open,wetland,HH-46-W,HH-46-U,70,no,0,SUTA,a,0,1,,1
06/04/2024,2024,7:20,0,HH-46-W,7,control-open,wetland,HH-46-W,HH-46-U,70,no,0,EATO,a,0,1,,1
06/04/2024,2024,7:20,0,HH-46-W,7,control-open,wetland,HH-46-W,HH-46-U,70,no,0,NOCA,a,0,,1,1
06/04/2024,2024,7:30,0,HH-46-U,7,none,upland,HH-46-U,HH-46-W,70,no,0,COYE,a,,,1,1
06/04/2024,2024,7:30,0,HH-46-U,7,none,upland,HH-46-U,HH-46-W,70,no,0,NOFL,a,,,1,1
06/04/2024,2024,7:30,0,HH-46-U,7,none,upland,HH-46-U,HH-46-W,70,no,0,YBCH,a,,1,,1
06/04/2024,2024,7:30,0,HH-46-U,7,none,upland,HH-46-U,HH-46-W,70,no,0,NOMO,a,,,1,1
06/04/2024,2024,7:30,0,HH-46-U,7,none,upland,HH-46-U,HH-46-W,70,no,0,NOBO,a,,,1,1
06/04/2024,2024,7:30,0,HH-46-U,7,none,upland,HH-46-U,HH-46-W,70,no,0,RBWO,a,,,1,1
06/04/2024,2024,7:30,0,HH-46-U,7,none,upland,HH-46-U,HH-46-W,70,no,0,TUTI,a,,1,,1
06/04/2024,2024,7:30,0,HH-46-U,7,none,upland,HH-46-U,HH-46-W,70,no,0,MODO,a,,,2,2
06/04/2024,2024,7:30,0,HH-46-U,7,none,upland,HH-46-U,HH-46-W,70,no,0,BLJA,a,,,1,1
06/04/2024,2024,7:30,0,HH-46-U,7,none,upland,HH-46-U,HH-46-W,70,no,0,PIWA,a,,1,1,2
06/04/2024,2024,7:30,0,HH-46-U,7,none,upland,HH-46-U,HH-46-W,70,no,0,INBU,a,,1,,1
06/04/2024,2024,7:30,0,HH-46-U,7,none,upland,HH-46-U,HH-46-W,70,no,0,REVI,a,,1,,1
06/04/2024,2024,7:45,0,HH-60-U,1,none,upland,HH-60-U,HH-60-W,72,no,0,BACS,a,,2,,2
06/04/2024,2024,7:45,0,HH-60-U,1,none,upland,HH-60-U,HH-60-W,72,no,0,CARW,a,,,1,1
06/04/2024,2024,7:45,0,HH-60-U,1,none,upland,HH-60-U,HH-60-W,72,no,0,EAWP,a,,,1,1
06/04/2024,2024,7:45,0,HH-60-U,1,none,upland,HH-60-U,HH-60-W,72,no,0,BLJA,a,,,1,1
06/04/2024,2024,7:45,0,HH-60-U,1,none,upland,HH-60-U,HH-60-W,72,no,0,BRTH,v,,1,,1
06/04/2024,2024,7:45,0,HH-60-U,1,none,upland,HH-60-U,HH-60-W,72,no,0,RBWO,a,,,1,1
06/04/2024,2024,7:45,0,HH-60-U,1,none,upland,HH-60-U,HH-60-W,72,no,0,NOMO,a,,,1,1
06/04/2024,2024,7:45,0,HH-60-U,1,none,upland,HH-60-U,HH-60-W,72,no,0,PIWA,a,,1,,1
06/04/2024,2024,7:45,0,HH-60-U,1,none,upland,HH-60-U,HH-60-W,72,no,0,BGGN,a,,,1,1
06/04/2024,2024,7:45,0,HH-60-U,1,none,upland,HH-60-U,HH-60-W,72,no,0,COYE,a,,,1,1
06/04/2024,2024,7:45,0,HH-60-U,1,none,upland,HH-60-U,HH-60-W,72,no,0,TUTI,a,,,1,1
06/04/2024,2024,7:45,0,HH-60-U,1,none,upland,HH-60-U,HH-60-W,72,no,0,PIWO,a,,,1,1
06/04/2024,2024,8:00,0,HH-33-U,1,none,upland,HH-33-U,HH-33-W,73,no,0,NOMO,a,,1,1,2
06/04/2024,2024,8:00,0,HH-33-U,1,none,upland,HH-33-U,HH-33-W,73,no,0,COYE,a,,,1,1
06/04/2024,2024,8:00,0,HH-33-U,1,none,upland,HH-33-U,HH-33-W,73,no,0,BACS,a,,,1,1
06/04/2024,2024,8:00,0,HH-33-U,1,none,upland,HH-33-U,HH-33-W,73,no,0,CARW,a,,,1,1
06/04/2024,2024,8:00,0,HH-33-U,1,none,upland,HH-33-U,HH-33-W,73,no,0,PIWA,a,,,1,1
06/04/2024,2024,8:00,0,HH-33-U,1,none,upland,HH-33-U,HH-33-W,73,no,0,BLJA,a,,,1,1
06/04/2024,2024,8:00,0,HH-33-U,1,none,upland,HH-33-U,HH-33-W,73,no,0,BGGN,v,,1,1,2
06/04/2024,2024,8:00,0,HH-33-U,1,none,upland,HH-33-U,HH-33-W,73,no,0,RBWO,a,,,1,1
06/04/2024,2024,8:00,0,HH-33-U,1,none,upland,HH-33-U,HH-33-W,73,no,0,EAWP,a,,,1,1
06/04/2024,2024,8:15,0,HH-22-U,2,none,upland,HH-22-U,HH-22-W,73,no,0,COYE,a,,,2,2
06/04/2024,2024,8:15,0,HH-22-U,2,none,upland,HH-22-U,HH-22-W,73,no,0,BGGN,a,,1,,1
06/04/2024,2024,8:15,0,HH-22-U,2,none,upland,HH-22-U,HH-22-W,73,no,0,INBU,a,,,1,1
06/04/2024,2024,8:15,0,HH-22-U,2,none,upland,HH-22-U,HH-22-W,73,no,0,PIWA,a,,,1,1
06/04/2024,2024,8:15,0,HH-22-U,2,none,upland,HH-22-U,HH-22-W,73,no,0,DOWO,v,,1,,1
06/04/2024,2024,8:15,0,HH-22-U,2,none,upland,HH-22-U,HH-22-W,73,no,0,CARW,a,,,1,1
06/04/2024,2024,8:15,0,HH-22-U,2,none,upland,HH-22-U,HH-22-W,73,no,0,NOCA,a,,,1,1
06/04/2024,2024,8:15,0,HH-22-U,2,none,upland,HH-22-U,HH-22-W,73,no,0,RBWO,a,,,1,1
06/04/2024,2024,8:15,0,HH-22-U,2,none,upland,HH-22-U,HH-22-W,73,no,0,OROR,a,,,1,1
06/04/2024,2024,8:15,0,HH-22-U,2,none,upland,HH-22-U,HH-22-W,73,no,0,EABL,a,,,1,1
06/04/2024,2024,8:30,0,HH-14-U,2,none,upland,HH-14-U,HH-14-W,75,no,2.1,PIWA,a,,1,1,2
06/04/2024,2024,8:30,0,HH-14-U,2,none,upland,HH-14-U,HH-14-W,75,no,2.1,RWBL,a,,,1,1
06/04/2024,2024,8:30,0,HH-14-U,2,none,upland,HH-14-U,HH-14-W,75,no,2.1,LAGU,v,,,6,6
06/04/2024,2024,8:30,0,HH-14-U,2,none,upland,HH-14-U,HH-14-W,75,no,2.1,WBNU,a,,,1,1
06/04/2024,2024,8:30,0,HH-14-U,2,none,upland,HH-14-U,HH-14-W,75,no,2.1,BHNU,a,,1,,1
06/04/2024,2024,8:30,0,HH-14-U,2,none,upland,HH-14-U,HH-14-W,75,no,2.1,NOCA,a,,,1,1
06/04/2024,2024,8:30,0,HH-14-U,2,none,upland,HH-14-U,HH-14-W,75,no,2.1,NOPA,a,,,1,1
06/04/2024,2024,8:30,0,HH-14-U,2,none,upland,HH-14-U,HH-14-W,75,no,2.1,COYE,a,,,1,1
06/04/2024,2024,8:30,0,HH-14-U,2,none,upland,HH-14-U,HH-14-W,75,no,2.1,BLJA,a,,,1,1
06/04/2024,2024,8:30,0,HH-14-U,2,none,upland,HH-14-U,HH-14-W,75,no,2.1,PRAW,a,,,1,1
06/04/2024,2024,8:30,0,HH-14-U,2,none,upland,HH-14-U,HH-14-W,75,no,2.1,CHSP,a,,,1,1
06/04/2024,2024,8:45,0,HH-07-U,4,none,upland,HH-07-U,HH-07-W,76,no,0,COYE,a,,1,1,2
06/04/2024,2024,8:45,0,HH-07-U,4,none,upland,HH-07-U,HH-07-W,76,no,0,EAWP,a,,,1,1
06/04/2024,2024,8:45,0,HH-07-U,4,none,upland,HH-07-U,HH-07-W,76,no,0,TUTI,a,,,1,1
06/04/2024,2024,8:45,0,HH-07-U,4,none,upland,HH-07-U,HH-07-W,76,no,0,BACS,a,,,1,1
06/04/2024,2024,8:45,0,HH-07-U,4,none,upland,HH-07-U,HH-07-W,76,no,0,SUTA,a,,,1,1
06/04/2024,2024,8:45,0,HH-07-U,4,none,upland,HH-07-U,HH-07-W,76,no,0,BGGN,a,,3,,3
06/04/2024,2024,8:45,0,HH-07-U,4,none,upland,HH-07-U,HH-07-W,76,no,0,PIWA,a,,,1,1
06/04/2024,2024,8:45,0,HH-07-U,4,none,upland,HH-07-U,HH-07-W,76,no,0,INBU,a,,,1,1
06/04/2024,2024,8:45,0,HH-07-U,4,none,upland,HH-07-U,HH-07-W,76,no,0,RBWO,a,,,1,1
06/04/2024,2024,8:45,0,HH-07-U,4,none,upland,HH-07-U,HH-07-W,76,no,0,EATO,a,,,1,1
06/04/2024,2024,8:45,0,HH-07-U,4,none,upland,HH-07-U,HH-07-W,76,no,0,BHNU,a,,,1,1
06/04/2024,2024,8:45,0,HH-07-U,4,none,upland,HH-07-U,HH-07-W,76,no,0,WBNU,a,,,1,1
06/05/2024,2024,6:50,0,HH-13-U,1,none,upland,HH-13-U,HH-13-W,70,no,1.3,BGGN,a,,2,,2
06/05/2024,2024,6:50,0,HH-13-U,1,none,upland,HH-13-U,HH-13-W,70,no,1.3,OROR,a,,1,,1
06/05/2024,2024,6:50,0,HH-13-U,1,none,upland,HH-13-U,HH-13-W,70,no,1.3,CARW,a,,1,1,2
06/05/2024,2024,6:50,0,HH-13-U,1,none,upland,HH-13-U,HH-13-W,70,no,1.3,NOPA,a,,,1,1
06/05/2024,2024,6:50,0,HH-13-U,1,none,upland,HH-13-U,HH-13-W,70,no,1.3,NOMO,a,,,2,2
06/05/2024,2024,6:50,0,HH-13-U,1,none,upland,HH-13-U,HH-13-W,70,no,1.3,TUTI,a,,,1,1
06/05/2024,2024,6:50,0,HH-13-U,1,none,upland,HH-13-U,HH-13-W,70,no,1.3,EAWP,a,,,1,1
06/05/2024,2024,6:50,0,HH-13-U,1,none,upland,HH-13-U,HH-13-W,70,no,1.3,RBWO,a,,,1,1
06/05/2024,2024,6:50,0,HH-13-U,1,none,upland,HH-13-U,HH-13-W,70,no,1.3,NOCA,a,,,1,1
06/05/2024,2024,6:50,0,HH-13-U,1,none,upland,HH-13-U,HH-13-W,70,no,1.3,PIWA,a,,,2,2
06/05/2024,2024,6:50,0,HH-13-U,1,none,upland,HH-13-U,HH-13-W,70,no,1.3,GCFL,a,,,1,1
06/05/2024,2024,6:50,0,HH-13-U,1,none,upland,HH-13-U,HH-13-W,70,no,1.3,COYE,a,,,1,1
06/05/2024,2024,6:50,0,HH-13-U,1,none,upland,HH-13-U,HH-13-W,70,no,1.3,BLGR,a,,1,,1
06/05/2024,2024,6:50,0,HH-13-U,1,none,upland,HH-13-U,HH-13-W,70,no,1.3,BLJA,a,,,1,1
06/05/2024,2024,7:05,0,HH-15-W,2,control-closed,wetland,HH-15-W,HH-15-U,71,no,0.9,BHCO,a,0,1,,1
06/05/2024,2024,7:05,0,HH-15-W,2,control-closed,wetland,HH-15-W,HH-15-U,71,no,0.9,CARW,a,0,,1,1
06/05/2024,2024,7:05,0,HH-15-W,2,control-closed,wetland,HH-15-W,HH-15-U,71,no,0.9,EAWP,a,0,,1,1
06/05/2024,2024,7:05,0,HH-15-W,2,control-closed,wetland,HH-15-W,HH-15-U,71,no,0.9,COYE,a,0,,1,1
06/05/2024,2024,7:05,0,HH-15-W,2,control-closed,wetland,HH-15-W,HH-15-U,71,no,0.9,BACS,a,0,,2,2
06/05/2024,2024,7:05,0,HH-15-W,2,control-closed,wetland,HH-15-W,HH-15-U,71,no,0.9,GCFL,a,0,,1,1
06/05/2024,2024,7:05,0,HH-15-W,2,control-closed,wetland,HH-15-W,HH-15-U,71,no,0.9,TUTI,a,0,,1,1
06/05/2024,2024,7:05,0,HH-15-W,2,control-closed,wetland,HH-15-W,HH-15-U,71,no,0.9,DOWO,a,0,,1,1
06/05/2024,2024,7:05,0,HH-15-W,2,control-closed,wetland,HH-15-W,HH-15-U,71,no,0.9,NOCA,a,0,,1,1
06/05/2024,2024,7:05,0,HH-15-W,2,control-closed,wetland,HH-15-W,HH-15-U,71,no,0.9,RBWO,a,0,,1,1
06/05/2024,2024,7:05,0,HH-15-W,2,control-closed,wetland,HH-15-W,HH-15-U,71,no,0.9,BGGN,a,0,1,,1
06/05/2024,2024,7:20,0,HH-05-W,4,control-open,wetland,HH-05-W,HH-05-U,72,yes,0,COYE,a,0,,1,1
06/05/2024,2024,7:20,0,HH-05-W,4,control-open,wetland,HH-05-W,HH-05-U,72,yes,0,CARW,a,0,,1,1
06/05/2024,2024,7:20,0,HH-05-W,4,control-open,wetland,HH-05-W,HH-05-U,72,yes,0,EATO,a,0,,1,1
06/05/2024,2024,7:20,0,HH-05-W,4,control-open,wetland,HH-05-W,HH-05-U,72,yes,0,EAWP,a,0,,2,2
06/05/2024,2024,7:20,0,HH-05-W,4,control-open,wetland,HH-05-W,HH-05-U,72,yes,0,SUTA,a,0,2,,
06/05/2024,2024,7:20,0,HH-05-W,4,control-open,wetland,HH-05-W,HH-05-U,72,yes,0,SUTA,v,0,,2,2
06/05/2024,2024,7:20,0,HH-05-W,4,control-open,wetland,HH-05-W,HH-05-U,72,yes,0,PUMA,a,0,,1,1
06/05/2024,2024,7:20,0,HH-05-W,4,control-open,wetland,HH-05-W,HH-05-U,72,yes,0,RBWO,a,0,,1,1
06/05/2024,2024,7:20,0,HH-05-W,4,control-open,wetland,HH-05-W,HH-05-U,72,yes,0,NOCA,a,0,,1,1
06/05/2024,2024,7:20,0,HH-05-W,4,control-open,wetland,HH-05-W,HH-05-U,72,yes,0,BACS,a,0,,3,3
06/05/2024,2024,7:35,0,HH-14-W,2,cut-remove,wetland,HH-14-W,HH-14-U,73,no,1.8,NOCA,a,0,,1,1
06/05/2024,2024,7:35,0,HH-14-W,2,cut-remove,wetland,HH-14-W,HH-14-U,73,no,1.8,COYE,a,0,,1,1
06/05/2024,2024,7:35,0,HH-14-W,2,cut-remove,wetland,HH-14-W,HH-14-U,73,no,1.8,GCFL,a,0,,3,3
06/05/2024,2024,7:35,0,HH-14-W,2,cut-remove,wetland,HH-14-W,HH-14-U,73,no,1.8,BHNU,a,0,2,1,3
06/05/2024,2024,7:35,0,HH-14-W,2,cut-remove,wetland,HH-14-W,HH-14-U,73,no,1.8,PRAW,a,0,,1,1
06/05/2024,2024,7:35,0,HH-14-W,2,cut-remove,wetland,HH-14-W,HH-14-U,73,no,1.8,CHSP,a,0,,1,1
06/05/2024,2024,7:35,0,HH-14-W,2,cut-remove,wetland,HH-14-W,HH-14-U,73,no,1.8,NOMO,a,0,,1,1
06/05/2024,2024,7:35,0,HH-14-W,2,cut-remove,wetland,HH-14-W,HH-14-U,73,no,1.8,BLGR,a,0,,1,1
06/05/2024,2024,7:35,0,HH-14-W,2,cut-remove,wetland,HH-14-W,HH-14-U,73,no,1.8,TUTI,a,0,,1,1
06/05/2024,2024,7:35,0,HH-14-W,2,cut-remove,wetland,HH-14-W,HH-14-U,73,no,1.8,PIWA,a,0,1,,1
06/05/2024,2024,7:55,0,HH-46-U,7,none,upland,HH-46-U,HH-46-W,75,no,0,NOMO,a,,,1,1
06/05/2024,2024,7:55,0,HH-46-U,7,none,upland,HH-46-U,HH-46-W,75,no,0,COYE,a,,,1,1
06/05/2024,2024,7:55,0,HH-46-U,7,none,upland,HH-46-U,HH-46-W,75,no,0,BGGN,a,,,1,1
06/05/2024,2024,7:55,0,HH-46-U,7,none,upland,HH-46-U,HH-46-W,75,no,0,BRTH,a,,,1,1
06/05/2024,2024,7:55,0,HH-46-U,7,none,upland,HH-46-U,HH-46-W,75,no,0,DOWO,a,,,1,1
06/05/2024,2024,7:55,0,HH-46-U,7,none,upland,HH-46-U,HH-46-W,75,no,0,EATO,a,,,1,1
06/05/2024,2024,7:55,0,HH-46-U,7,none,upland,HH-46-U,HH-46-W,75,no,0,TUTI,a,,,1,1
06/05/2024,2024,7:55,0,HH-46-U,7,none,upland,HH-46-U,HH-46-W,75,no,0,BLJA,a,,,1,1
06/05/2024,2024,7:55,0,HH-46-U,7,none,upland,HH-46-U,HH-46-W,75,no,0,CACH,a,,,1,1
06/05/2024,2024,7:55,0,HH-46-U,7,none,upland,HH-46-U,HH-46-W,75,no,0,PIWO,a,,,1,1
06/05/2024,2024,7:55,0,HH-46-U,7,none,upland,HH-46-U,HH-46-W,75,no,0,MAWR,a,,,1,1
06/05/2024,2024,8:10,0,HH-48-W,3,control-open,wetland,HH-48-W,HH-48-U,76,yes,0.8,RBWO,a,1,2,,2
06/05/2024,2024,8:10,0,HH-48-W,3,control-open,wetland,HH-48-W,HH-48-U,76,yes,0.8,EAWP,a,0,,1,1
06/05/2024,2024,8:10,0,HH-48-W,3,control-open,wetland,HH-48-W,HH-48-U,76,yes,0.8,COYE,a,1,3,,3
06/05/2024,2024,8:10,0,HH-48-W,3,control-open,wetland,HH-48-W,HH-48-U,76,yes,0.8,MODO,a,0,,1,1
06/05/2024,2024,8:10,0,HH-48-W,3,control-open,wetland,HH-48-W,HH-48-U,76,yes,0.8,BGGN,a,0,,1,1
06/05/2024,2024,8:10,0,HH-48-W,3,control-open,wetland,HH-48-W,HH-48-U,76,yes,0.8,CARW,a,0,,1,1
06/05/2024,2024,8:10,0,HH-48-W,3,control-open,wetland,HH-48-W,HH-48-U,76,yes,0.8,NOFL,a,0,,1,1
06/05/2024,2024,8:10,0,HH-48-W,3,control-open,wetland,HH-48-W,HH-48-U,76,yes,0.8,NOCA,a,0,,2,
06/05/2024,2024,8:10,0,HH-48-W,3,control-open,wetland,HH-48-W,HH-48-U,76,yes,0.8,NOCA,v,1,2,,2
06/05/2024,2024,8:10,0,HH-48-W,3,control-open,wetland,HH-48-W,HH-48-U,76,yes,0.8,PIWA,a,0,,1,1
06/05/2024,2024,8:25,0,HH-60-W,1,control-open,wetland,HH-60-W,HH-60-U,76,no,2.4,COYE,a,0,,1,1
06/05/2024,2024,8:25,0,HH-60-W,1,control-open,wetland,HH-60-W,HH-60-U,76,no,2.4,EAWP,a,0,,1,1
06/05/2024,2024,8:25,0,HH-60-W,1,control-open,wetland,HH-60-W,HH-60-U,76,no,2.4,PIWA,a,0,,1,1
06/05/2024,2024,8:25,0,HH-60-W,1,control-open,wetland,HH-60-W,HH-60-U,76,no,2.4,NOMO,v,1,1,,1
06/05/2024,2024,8:25,0,HH-60-W,1,control-open,wetland,HH-60-W,HH-60-U,76,no,2.4,BLGR,a,1,1,,
06/05/2024,2024,8:25,0,HH-60-W,1,control-open,wetland,HH-60-W,HH-60-U,76,no,2.4,BLGR,v,1,,1,1
06/05/2024,2024,8:25,0,HH-60-W,1,control-open,wetland,HH-60-W,HH-60-U,76,no,2.4,CARW,a,0,,1,1
06/05/2024,2024,8:25,0,HH-60-W,1,control-open,wetland,HH-60-W,HH-60-U,76,no,2.4,RBWO,a,0,,1,1
06/05/2024,2024,8:25,0,HH-60-W,1,control-open,wetland,HH-60-W,HH-60-U,76,no,2.4,OROR,a,0,,1,1
06/05/2024,2024,8:40,0,HH-34-U,1,none,upland,HH-34-U,HH-34-W,77,no,3.2,COYE,a,,,1,1
06/05/2024,2024,8:40,0,HH-34-U,1,none,upland,HH-34-U,HH-34-W,77,no,3.2,BACS,a,,3,,3
06/05/2024,2024,8:40,0,HH-34-U,1,none,upland,HH-34-U,HH-34-W,77,no,3.2,EAWP,a,,,1,1
06/05/2024,2024,8:40,0,HH-34-U,1,none,upland,HH-34-U,HH-34-W,77,no,3.2,CHSP,a,,1,,1
06/05/2024,2024,8:40,0,HH-34-U,1,none,upland,HH-34-U,HH-34-W,77,no,3.2,RBWO,a,,1,,1
06/05/2024,2024,8:40,0,HH-34-U,1,none,upland,HH-34-U,HH-34-W,77,no,3.2,PIWA,a,,,1,1
06/05/2024,2024,8:40,0,HH-34-U,1,none,upland,HH-34-U,HH-34-W,77,no,3.2,NOMO,a,,,1,1
06/05/2024,2024,8:40,0,HH-34-U,1,none,upland,HH-34-U,HH-34-W,77,no,3.2,EATO,a,,,1,1
06/11/2024,2024,6:45,0,HH-50-W,3,control-open,wetland,HH-50-W,HH-50-U,73,no,0,CARW,a,0,1,,1
06/11/2024,2024,6:45,0,HH-50-W,3,control-open,wetland,HH-50-W,HH-50-U,73,no,0,BHNU,a,1,1,,1
06/11/2024,2024,6:45,0,HH-50-W,3,control-open,wetland,HH-50-W,HH-50-U,73,no,0,NOCA,a,1,1,,1
06/11/2024,2024,6:45,0,HH-50-W,3,control-open,wetland,HH-50-W,HH-50-U,73,no,0,BACS,a,0,,2,2
06/11/2024,2024,6:45,0,HH-50-W,3,control-open,wetland,HH-50-W,HH-50-U,73,no,0,GCFL,a,0,,1,1
06/11/2024,2024,6:45,0,HH-50-W,3,control-open,wetland,HH-50-W,HH-50-U,73,no,0,EATO,a,1,1,,1
06/11/2024,2024,6:45,0,HH-50-W,3,control-open,wetland,HH-50-W,HH-50-U,73,no,0,AMCR,a,0,,1,1
06/11/2024,2024,6:45,0,HH-50-W,3,control-open,wetland,HH-50-W,HH-50-U,73,no,0,PIWA,a,0,,1,1
06/11/2024,2024,6:45,0,HH-50-W,3,control-open,wetland,HH-50-W,HH-50-U,73,no,0,WBNU,a,1,1,,1
06/11/2024,2024,7:00,0,HH-45-U,7,none,upland,HH-45-U,HH-45-W,71,no,0,CARW,a,,,1,1
06/11/2024,2024,7:00,0,HH-45-U,7,none,upland,HH-45-U,HH-45-W,71,no,0,COYE,a,,1,,1
06/11/2024,2024,7:00,0,HH-45-U,7,none,upland,HH-45-U,HH-45-W,71,no,0,EAWP,a,,,1,1
06/11/2024,2024,7:00,0,HH-45-U,7,none,upland,HH-45-U,HH-45-W,71,no,0,INBU,a,,,2,2
06/11/2024,2024,7:00,0,HH-45-U,7,none,upland,HH-45-U,HH-45-W,71,no,0,BHCO,a,,1,,1
06/11/2024,2024,7:00,0,HH-45-U,7,none,upland,HH-45-U,HH-45-W,71,no,0,HOFI,a,,1,,1
06/11/2024,2024,7:00,0,HH-45-U,7,none,upland,HH-45-U,HH-45-W,71,no,0,YBCH,a,,1,,1
06/11/2024,2024,7:00,0,HH-45-U,7,none,upland,HH-45-U,HH-45-W,71,no,0,NOCA,a,,1,1,2
06/11/2024,2024,7:00,0,HH-45-U,7,none,upland,HH-45-U,HH-45-W,71,no,0,CHSP,a,,1,,1
06/11/2024,2024,7:00,0,HH-45-U,7,none,upland,HH-45-U,HH-45-W,71,no,0,BLGR,v,,,1,1
06/11/2024,2024,7:00,0,HH-45-U,7,none,upland,HH-45-U,HH-45-W,71,no,0,DOWO,a,,,1,1
06/11/2024,2024,7:15,0,HH-50-U,3,none,upland,HH-50-U,HH-50-W,70,no,1,PIWA,a,,1,,0
06/11/2024,2024,7:15,0,HH-50-U,3,none,upland,HH-50-U,HH-50-W,70,no,1,BBWD,v,,2,,0
06/11/2024,2024,7:15,0,HH-50-U,3,none,upland,HH-50-U,HH-50-W,70,no,1,NOCA,a,,,1,1
06/11/2024,2024,7:15,0,HH-50-U,3,none,upland,HH-50-U,HH-50-W,70,no,1,COYE,a,,,1,1
06/11/2024,2024,7:15,0,HH-50-U,3,none,upland,HH-50-U,HH-50-W,70,no,1,GREG,v,,1,,0
06/11/2024,2024,7:15,0,HH-50-U,3,none,upland,HH-50-U,HH-50-W,70,no,1,GCFL,a,,,2,2
06/11/2024,2024,7:15,0,HH-50-U,3,none,upland,HH-50-U,HH-50-W,70,no,1,RBWO,a,,,1,1
06/11/2024,2024,7:15,0,HH-50-U,3,none,upland,HH-50-U,HH-50-W,70,no,1,CARW,a,,,1,1
06/11/2024,2024,7:15,0,HH-50-U,3,none,upland,HH-50-U,HH-50-W,70,no,1,INBU,a,,,2,2
06/11/2024,2024,7:30,0,HH-46-W,7,control-open,wetland,HH-46-W,HH-46-U,70,no,0,COYE,a,1,2,,2
06/11/2024,2024,7:30,0,HH-46-W,7,control-open,wetland,HH-46-W,HH-46-U,70,no,0,NOMO,a,0,,1,1
06/11/2024,2024,7:30,0,HH-46-W,7,control-open,wetland,HH-46-W,HH-46-U,70,no,0,EATO,a,0,,2,2
06/11/2024,2024,7:30,0,HH-46-W,7,control-open,wetland,HH-46-W,HH-46-U,70,no,0,RBWO,a,0,,1,1
06/11/2024,2024,7:30,0,HH-46-W,7,control-open,wetland,HH-46-W,HH-46-U,70,no,0,BGGN,a,0,1,,1
06/11/2024,2024,7:30,0,HH-46-W,7,control-open,wetland,HH-46-W,HH-46-U,70,no,0,SUTA,a,1,1,,1
06/11/2024,2024,7:30,0,HH-46-W,7,control-open,wetland,HH-46-W,HH-46-U,70,no,0,EABL,a,1,1,,1
06/11/2024,2024,7:30,0,HH-46-W,7,control-open,wetland,HH-46-W,HH-46-U,70,no,0,REVI,a,1,1,,1
06/11/2024,2024,7:45,0,HH-45-W,7,control-open,wetland,HH-45-W,HH-45-U,70,no,0.9,RHWO,a,0,2,,2
06/11/2024,2024,7:45,0,HH-45-W,7,control-open,wetland,HH-45-W,HH-45-U,70,no,0.9,EATO,a,0,,2,2
06/11/2024,2024,7:45,0,HH-45-W,7,control-open,wetland,HH-45-W,HH-45-U,70,no,0.9,NOMO,a,0,,1,1
06/11/2024,2024,7:45,0,HH-45-W,7,control-open,wetland,HH-45-W,HH-45-U,70,no,0.9,BHCO,v,0,,2,2
06/11/2024,2024,7:45,0,HH-45-W,7,control-open,wetland,HH-45-W,HH-45-U,70,no,0.9,CARW,a,0,1,,1
06/11/2024,2024,7:45,0,HH-45-W,7,control-open,wetland,HH-45-W,HH-45-U,70,no,0.9,YBCH,a,0,1,,1
06/11/2024,2024,7:45,0,HH-45-W,7,control-open,wetland,HH-45-W,HH-45-U,70,no,0.9,COYE,a,0,,1,1
06/11/2024,2024,8:05,0,HH-04-U,4,none,upland,HH-04-U,HH-04-W,71,no,1.6,YBCH,v,,1,,1
06/11/2024,2024,8:05,0,HH-04-U,4,none,upland,HH-04-U,HH-04-W,71,no,1.6,COYE,a,,3,,3
06/11/2024,2024,8:05,0,HH-04-U,4,none,upland,HH-04-U,HH-04-W,71,no,1.6,EATO,a,,,1,1
06/11/2024,2024,8:05,0,HH-04-U,4,none,upland,HH-04-U,HH-04-W,71,no,1.6,INBU,a,,2,,2
06/11/2024,2024,8:05,0,HH-04-U,4,none,upland,HH-04-U,HH-04-W,71,no,1.6,NOMO,v,,,1,1
06/11/2024,2024,8:05,0,HH-04-U,4,none,upland,HH-04-U,HH-04-W,71,no,1.6,CARW,a,,,1,1
06/11/2024,2024,8:05,0,HH-04-U,4,none,upland,HH-04-U,HH-04-W,71,no,1.6,CHSP,a,,,1,1
06/11/2024,2024,8:05,0,HH-04-U,4,none,upland,HH-04-U,HH-04-W,71,no,1.6,NOCA,a,,,1,1
06/11/2024,2024,8:20,0,HH-48-U,3,none,upland,HH-48-U,HH-48-W,,no,0,PIWA,a,,2,,2
06/11/2024,2024,8:20,0,HH-48-U,3,none,upland,HH-48-U,HH-48-W,,no,0,BGGN,a,,1,,1
06/11/2024,2024,8:20,0,HH-48-U,3,none,upland,HH-48-U,HH-48-W,,no,0,NOCA,v,,,2,2
06/11/2024,2024,8:20,0,HH-48-U,3,none,upland,HH-48-U,HH-48-W,,no,0,BACS,a,,1,,1
06/11/2024,2024,8:20,0,HH-48-U,3,none,upland,HH-48-U,HH-48-W,,no,0,EATO,a,,,1,1
06/11/2024,2024,8:20,0,HH-48-U,3,none,upland,HH-48-U,HH-48-W,,no,0,COYE,a,,,1,1
06/11/2024,2024,8:20,0,HH-48-U,3,none,upland,HH-48-U,HH-48-W,,no,0,RBWO,a,,,1,1
06/11/2024,2024,8:20,0,HH-48-U,3,none,upland,HH-48-U,HH-48-W,,no,0,INBU,a,,,1,1
06/11/2024,2024,8:20,0,HH-48-U,3,none,upland,HH-48-U,HH-48-W,,no,0,EABL,v,,,1,1
06/11/2024,2024,8:40,0,HH-17-U,2,none,upland,HH-17-U,HH-17-W,72,no,2.2,PIWA,a,,,1,1
06/11/2024,2024,8:40,0,HH-17-U,2,none,upland,HH-17-U,HH-17-W,72,no,2.2,BHNU,a,,,1,1
06/11/2024,2024,8:40,0,HH-17-U,2,none,upland,HH-17-U,HH-17-W,72,no,2.2,CARW,a,,,1,1
06/11/2024,2024,8:40,0,HH-17-U,2,none,upland,HH-17-U,HH-17-W,72,no,2.2,NOCA,a,,,1,1
06/11/2024,2024,8:40,0,HH-17-U,2,none,upland,HH-17-U,HH-17-W,72,no,2.2,CHSP,a,,,2,2
06/11/2024,2024,8:40,0,HH-17-U,2,none,upland,HH-17-U,HH-17-W,72,no,2.2,LAGU,v,,2,,2
06/11/2024,2024,9:00,0,HH-02-W,4,cut-leave,wetland,HH-02-W,HH-02-U,72,no,0,CARW,a,0,,1,1
06/11/2024,2024,9:00,0,HH-02-W,4,cut-leave,wetland,HH-02-W,HH-02-U,72,no,0,RBWO,a,1,1,,1
06/11/2024,2024,9:00,0,HH-02-W,4,cut-leave,wetland,HH-02-W,HH-02-U,72,no,0,EATO,a,0,,2,2
06/11/2024,2024,9:00,0,HH-02-W,4,cut-leave,wetland,HH-02-W,HH-02-U,72,no,0,INBU,a,0,,2,2
06/11/2024,2024,9:00,0,HH-02-W,4,cut-leave,wetland,HH-02-W,HH-02-U,72,no,0,PIWA,a,0,,1,1
06/11/2024,2024,9:00,0,HH-02-W,4,cut-leave,wetland,HH-02-W,HH-02-U,72,no,0,NOCA,a,0,,1,1
06/11/2024,2024,9:00,0,HH-02-W,4,cut-leave,wetland,HH-02-W,HH-02-U,72,no,0,CHSP,a,0,,1,1
06/11/2024,2024,9:00,0,HH-02-W,4,cut-leave,wetland,HH-02-W,HH-02-U,72,no,0,COYE,a,0,,1,1
06/11/2024,2024,9:00,0,HH-02-W,4,cut-leave,wetland,HH-02-W,HH-02-U,72,no,0,PIWA,a,1,2,,2
06/11/2024,2024,9:00,0,HH-02-W,4,cut-leave,wetland,HH-02-W,HH-02-U,72,no,0,GCFL,a,0,1,,1
06/12/2024,2024,6:45,0,HH-33-W,1,hack-squirt,wetland,HH-33-W,HH-33-U,68,no,1,COYE,a,0,,1,1
06/12/2024,2024,6:45,0,HH-33-W,1,hack-squirt,wetland,HH-33-W,HH-33-U,68,no,1,NOMO,v,1,1,,1
06/12/2024,2024,6:45,0,HH-33-W,1,hack-squirt,wetland,HH-33-W,HH-33-U,68,no,1,PIWA,a,0,,1,1
06/12/2024,2024,6:45,0,HH-33-W,1,hack-squirt,wetland,HH-33-W,HH-33-U,68,no,1,BACS,a,0,,1,1
06/12/2024,2024,6:45,0,HH-33-W,1,hack-squirt,wetland,HH-33-W,HH-33-U,68,no,1,BGN,a,1,1,,1
06/12/2024,2024,6:45,0,HH-33-W,1,hack-squirt,wetland,HH-33-W,HH-33-U,68,no,1,NOBO,a,0,1,,1
06/12/2024,2024,7:00,0,HH-46-U,7,none,upland,HH-46-U,HH-46-W,68,no,0,REVI,a,,,1,1
06/12/2024,2024,7:00,0,HH-46-U,7,none,upland,HH-46-U,HH-46-W,68,no,0,YBCH,a,,,1,1
06/12/2024,2024,7:00,0,HH-46-U,7,none,upland,HH-46-U,HH-46-W,68,no,0,BLJA,a,,,1,1
06/12/2024,2024,7:00,0,HH-46-U,7,none,upland,HH-46-U,HH-46-W,68,no,0,CARW,a,,,1,1
06/12/2024,2024,7:00,0,HH-46-U,7,none,upland,HH-46-U,HH-46-W,68,no,0,NOMO,a,,,1,1
06/12/2024,2024,7:00,0,HH-46-U,7,none,upland,HH-46-U,HH-46-W,68,no,0,EATO,a,,,1,1
06/12/2024,2024,7:00,0,HH-46-U,7,none,upland,HH-46-U,HH-46-W,68,no,0,CACH,a,,,1,1
06/12/2024,2024,7:00,0,HH-46-U,7,none,upland,HH-46-U,HH-46-W,68,no,0,NOCA,a,,,1,1
06/12/2024,2024,7:00,0,HH-46-U,7,none,upland,HH-46-U,HH-46-W,68,no,0,BGGN,a,,1,1,2
06/12/2024,2024,7:00,0,HH-46-U,7,none,upland,HH-46-U,HH-46-W,68,no,0,COYE,a,,,1,1
06/12/2024,2024,7:00,0,HH-46-U,7,none,upland,HH-46-U,HH-46-W,68,no,0,WEVI,a,,,1,1
06/12/2024,2024,7:00,0,HH-46-U,7,none,upland,HH-46-U,HH-46-W,68,no,0,AMCR,a,,,1,1
06/12/2024,2024,7:15,0,HH-49-W,3,hack-squirt,wetland,HH-49-W,HH-49-U,72,yes,0,BLJA,a,0,,2,2
06/12/2024,2024,7:15,0,HH-49-W,3,hack-squirt,wetland,HH-49-W,HH-49-U,72,yes,0,CARW,a,0,,1,1
06/12/2024,2024,7:15,0,HH-49-W,3,hack-squirt,wetland,HH-49-W,HH-49-U,72,yes,0,COYE,a,0,1,,1
06/12/2024,2024,7:15,0,HH-49-W,3,hack-squirt,wetland,HH-49-W,HH-49-U,72,yes,0,NOCA,a,0,,1,1
06/12/2024,2024,7:15,0,HH-49-W,3,hack-squirt,wetland,HH-49-W,HH-49-U,72,yes,0,WOST,v,1,1,,1
06/12/2024,2024,7:15,0,HH-49-W,3,hack-squirt,wetland,HH-49-W,HH-49-U,72,yes,0,PIWA,a,0,1,1,2
06/12/2024,2024,7:15,0,HH-49-W,3,hack-squirt,wetland,HH-49-W,HH-49-U,72,yes,0,AMCR,a,0,,1,1
06/12/2024,2024,7:15,0,HH-49-W,3,hack-squirt,wetland,HH-49-W,HH-49-U,72,yes,0,TUTI,a,0,,1,1
06/12/2024,2024,7:15,0,HH-49-W,3,hack-squirt,wetland,HH-49-W,HH-49-U,72,yes,0,GCFL,v,1,2,,2
06/12/2024,2024,7:15,0,HH-49-W,3,hack-squirt,wetland,HH-49-W,HH-49-U,72,yes,0,REVI,v,1,1,,1
06/12/2024,2024,7:35,0,HH-32-W,1,control-closed,wetland,HH-32-W,HH-32-U,70,no,1.2,GCFL,v,1,2,,2
06/12/2024,2024,7:35,0,HH-32-W,1,control-closed,wetland,HH-32-W,HH-32-U,70,no,1.2,RHWO,v,1,2,,2
06/12/2024,2024,7:35,0,HH-32-W,1,control-closed,wetland,HH-32-W,HH-32-U,70,no,1.2,BHNU,a,1,1,,1
06/12/2024,2024,7:35,0,HH-32-W,1,control-closed,wetland,HH-32-W,HH-32-U,70,no,1.2,COYE,a,1,1,,1
06/12/2024,2024,7:35,0,HH-32-W,1,control-closed,wetland,HH-32-W,HH-32-U,70,no,1.2,BGGN,a,1,1,,1
06/12/2024,2024,7:35,0,HH-32-W,1,control-closed,wetland,HH-32-W,HH-32-U,70,no,1.2,MODO,a,0,,1,1
06/12/2024,2024,7:35,0,HH-32-W,1,control-closed,wetland,HH-32-W,HH-32-U,70,no,1.2,BACS,v,1,1,,1
06/12/2024,2024,7:35,0,HH-32-W,1,control-closed,wetland,HH-32-W,HH-32-U,70,no,1.2,CACH,v,1,1,,1
06/12/2024,2024,7:35,0,HH-32-W,1,control-closed,wetland,HH-32-W,HH-32-U,70,no,1.2,YBCH,a,1,1,,1
06/12/2024,2024,7:35,0,HH-32-W,1,control-closed,wetland,HH-32-W,HH-32-U,70,no,1.2,INBU,a,0,1,,1
06/12/2024,2024,7:35,0,HH-32-W,1,control-closed,wetland,HH-32-W,HH-32-U,70,no,1.2,CARW,a,0,,1,1
06/12/2024,2024,7:55,0,HH-17-W,2,cut-leave,wetland,HH-17-W,HH-17-U,71,no,1.8,BHCO,v,1,1,,1
06/12/2024,2024,7:55,0,HH-17-W,2,cut-leave,wetland,HH-17-W,HH-17-U,71,no,1.8,NOMO,a,0,,1,1
06/12/2024,2024,7:55,0,HH-17-W,2,cut-leave,wetland,HH-17-W,HH-17-U,71,no,1.8,EABL,v,1,1,,1
06/12/2024,2024,7:55,0,HH-17-W,2,cut-leave,wetland,HH-17-W,HH-17-U,71,no,1.8,BHNU,a,0,1,,1
06/12/2024,2024,8:15,0,HH-32-U,1,none,upland,HH-32-U,HH-32-W,73,no,2.4,NOMO,a,,,1,1
06/12/2024,2024,8:15,0,HH-32-U,1,none,upland,HH-32-U,HH-32-W,73,no,2.4,RBWO,a,,,2,2
06/12/2024,2024,8:15,0,HH-32-U,1,none,upland,HH-32-U,HH-32-W,73,no,2.4,BLJA,a,,,1,1
06/12/2024,2024,8:15,0,HH-32-U,1,none,upland,HH-32-U,HH-32-W,73,no,2.4,COYE,a,,,1,1
06/12/2024,2024,8:15,0,HH-32-U,1,none,upland,HH-32-U,HH-32-W,73,no,2.4,CACH,a,,1,,1
06/12/2024,2024,8:15,0,HH-32-U,1,none,upland,HH-32-U,HH-32-W,73,no,2.4,INBU,a,,,1,1
06/12/2024,2024,8:15,0,HH-32-U,1,none,upland,HH-32-U,HH-32-W,73,no,2.4,BHNU,v,,,1,1
06/12/2024,2024,8:15,0,HH-32-U,1,none,upland,HH-32-U,HH-32-W,73,no,2.4,NOBO,a,,,2,2
06/12/2024,2024,8:15,0,HH-32-U,1,none,upland,HH-32-U,HH-32-W,73,no,2.4,CARW,a,,,1,1
06/12/2024,2024,8:30,0,HH-15-U,2,none,upland,HH-15-U,HH-15-W,74,no,1.8,EATO,a,,,2,2
06/12/2024,2024,8:30,0,HH-15-U,2,none,upland,HH-15-U,HH-15-W,74,no,1.8,TUTI,a,,,1,1
06/12/2024,2024,8:30,0,HH-15-U,2,none,upland,HH-15-U,HH-15-W,74,no,1.8,CHSP,a,,,1,1
06/12/2024,2024,8:30,0,HH-15-U,2,none,upland,HH-15-U,HH-15-W,74,no,1.8,AMCR,a,,,1,1
06/12/2024,2024,8:30,0,HH-15-U,2,none,upland,HH-15-U,HH-15-W,74,no,1.8,BGGN,a,,1,,1
06/12/2024,2024,8:30,0,HH-15-U,2,none,upland,HH-15-U,HH-15-W,74,no,1.8,RHWO,v,,,1,1
06/12/2024,2024,8:30,0,HH-15-U,2,none,upland,HH-15-U,HH-15-W,74,no,1.8,CONI,a,,,2,2
06/12/2024,2024,8:30,0,HH-15-U,2,none,upland,HH-15-U,HH-15-W,74,no,1.8,CARW,a,,,1,1
06/12/2024,2024,8:30,0,HH-15-U,2,none,upland,HH-15-U,HH-15-W,74,no,1.8,FICR,a,,,2,2
06/12/2024,2024,8:30,0,HH-15-U,2,none,upland,HH-15-U,HH-15-W,74,no,1.8,CHSP,a,,,1,1
06/12/2024,2024,8:45,0,HH-04-W,4,hack-squirt,wetland,HH-04-W,HH-04-U,75,no,0,CARW,a,0,1,1,2
06/12/2024,2024,8:45,0,HH-04-W,4,hack-squirt,wetland,HH-04-W,HH-04-U,75,no,0,BGGN,a,1,1,,1
06/12/2024,2024,8:45,0,HH-04-W,4,hack-squirt,wetland,HH-04-W,HH-04-U,75,no,0,NOCA,a,0,,1,1
06/12/2024,2024,8:45,0,HH-04-W,4,hack-squirt,wetland,HH-04-W,HH-04-U,75,no,0,COYE,a,0,,2,2
06/12/2024,2024,8:45,0,HH-04-W,4,hack-squirt,wetland,HH-04-W,HH-04-U,75,no,0,EATO,a,0,1,1,2
06/12/2024,2024,8:45,0,HH-04-W,4,hack-squirt,wetland,HH-04-W,HH-04-U,75,no,0,EAWP,a,0,,1,1
06/12/2024,2024,8:45,0,HH-04-W,4,hack-squirt,wetland,HH-04-W,HH-04-U,75,no,0,DOWO,a,0,1,,1
06/12/2024,2024,8:45,0,HH-04-W,4,hack-squirt,wetland,HH-04-W,HH-04-U,75,no,0,PUMA,a,0,1,,1
06/12/2024,2024,8:45,0,HH-04-W,4,hack-squirt,wetland,HH-04-W,HH-04-U,75,no,0,RCWO,v,1,1,,1
06/13/2024,2024,6:40,0,HH-13-W,1,cut-leave,wetland,HH-13-W,UP3,72,no,0,COYE,a,1,2,,1
06/13/2024,2024,6:40,0,HH-13-W,1,cut-leave,wetland,HH-13-W,UP3,72,no,0,SUTA,a,1,1,,2
06/13/2024,2024,6:40,0,HH-13-W,1,cut-leave,wetland,HH-13-W,UP3,72,no,0,PIWO,a,0,1,,1
06/13/2024,2024,6:40,0,HH-13-W,1,cut-leave,wetland,HH-13-W,UP3,72,no,0,BLJA,a,0,,1,1
06/13/2024,2024,6:40,0,HH-13-W,1,cut-leave,wetland,HH-13-W,UP3,72,no,0,NOMO,a,1,1,,1
06/13/2024,2024,6:40,0,HH-13-W,1,cut-leave,wetland,HH-13-W,UP3,72,no,0,DOWO,a,0,1,,1
06/13/2024,2024,6:40,0,HH-13-W,1,cut-leave,wetland,HH-13-W,UP3,72,no,0,EAWP,a,0,,1,1
06/13/2024,2024,6:40,0,HH-13-W,1,cut-leave,wetland,HH-13-W,UP3,72,no,0,BHNU,a,0,2,,1
06/13/2024,2024,6:40,0,HH-13-W,1,cut-leave,wetland,HH-13-W,UP3,72,no,0,NOCA,a,0,,1,2
06/13/2024,2024,6:40,0,HH-13-W,1,cut-leave,wetland,HH-13-W,UP3,72,no,0,BLGR,a,0,,1,1
06/13/2024,2024,6:55,0,HH-46-W,7,control-open,wetland,HH-46-W,HH-46-U,72,no,0,TUTI,a,0,,1,1
06/13/2024,2024,6:55,0,HH-46-W,7,control-open,wetland,HH-46-W,HH-46-U,72,no,0,NOMO,a,0,,2,1
06/13/2024,2024,6:55,0,HH-46-W,7,control-open,wetland,HH-46-W,HH-46-U,72,no,0,NOBO,a,0,,1,2
06/13/2024,2024,6:55,0,HH-46-W,7,control-open,wetland,HH-46-W,HH-46-U,72,no,0,COYE,a,0,,1,1
06/13/2024,2024,6:55,0,HH-46-W,7,control-open,wetland,HH-46-W,HH-46-U,72,no,0,CARW,a,0,,1,1
06/13/2024,2024,6:55,0,HH-46-W,7,control-open,wetland,HH-46-W,HH-46-U,72,no,0,EATO,a,0,,1,1
06/13/2024,2024,6:55,0,HH-46-W,7,control-open,wetland,HH-46-W,HH-46-U,72,no,0,SUTA,a,0,,1,1
06/13/2024,2024,7:15,0,HH-02-U,4,none,upland,HH-02-U,HH-02-W,73,no,3.4,BLJA,a,,,1,1
06/13/2024,2024,7:15,0,HH-02-U,4,none,upland,HH-02-U,HH-02-W,73,no,3.4,EATO,a,,1,,1
06/13/2024,2024,7:15,0,HH-02-U,4,none,upland,HH-02-U,HH-02-W,73,no,3.4,INBU,a,,1,,1
06/13/2024,2024,7:15,0,HH-02-U,4,none,upland,HH-02-U,HH-02-W,73,no,3.4,OROR,a,,,1,1
06/13/2024,2024,7:15,0,HH-02-U,4,none,upland,HH-02-U,HH-02-W,73,no,3.4,BACS,a,,1,,1
06/13/2024,2024,7:15,0,HH-02-U,4,none,upland,HH-02-U,HH-02-W,73,no,3.4,COYE,a,,,1,1
06/13/2024,2024,7:15,0,HH-02-U,4,none,upland,HH-02-U,HH-02-W,73,no,3.4,BLGR,a,,,1,1
06/13/2024,2024,7:15,0,HH-02-U,4,none,upland,HH-02-U,HH-02-W,73,no,3.4,NOCA,a,,,2,1
06/13/2024,2024,7:15,0,HH-02-U,4,none,upland,HH-02-U,HH-02-W,73,no,3.4,TUTI,a,,,1,2
06/13/2024,2024,7:15,0,HH-02-U,4,none,upland,HH-02-U,HH-02-W,73,no,3.4,BGGN,a,,,1,1
06/13/2024,2024,7:15,0,HH-02-U,4,none,upland,HH-02-U,HH-02-W,73,no,3.4,PIWA,a,,,1,1
06/13/2024,2024,7:15,0,HH-02-U,4,none,upland,HH-02-U,HH-02-W,73,no,3.4,CHSP,a,,,1,1
06/13/2024,2024,7:15,0,HH-02-U,4,none,upland,HH-02-U,HH-02-W,73,no,3.4,EAKI,v,,2,,1
06/13/2024,2024,7:30,0,HH-22-W,2,hack-squirt,wetland,HH-22-W,HH-22-U,73,no,0.8,NOCA,a,0,,1,2
06/13/2024,2024,7:30,0,HH-22-W,2,hack-squirt,wetland,HH-22-W,HH-22-U,73,no,0.8,CARW,a,0,,1,1
06/13/2024,2024,7:30,0,HH-22-W,2,hack-squirt,wetland,HH-22-W,HH-22-U,73,no,0.8,BGGN,a,1,1,,1
06/13/2024,2024,7:30,0,HH-22-W,2,hack-squirt,wetland,HH-22-W,HH-22-U,73,no,0.8,SUTA,a,0,,1,1
06/13/2024,2024,7:30,0,HH-22-W,2,hack-squirt,wetland,HH-22-W,HH-22-U,73,no,0.8,EATO,a,0,,2,1
06/13/2024,2024,7:45,0,HH-49-U,3,none,upland,HH-49-U,HH-49-W,75,no,0,NOCA,a,,3,,2
06/13/2024,2024,7:45,0,HH-49-U,3,none,upland,HH-49-U,HH-49-W,75,no,0,CARW,a,,,1,3
06/13/2024,2024,7:45,0,HH-49-U,3,none,upland,HH-49-U,HH-49-W,75,no,0,EATO,a,,,2,1
06/13/2024,2024,7:45,0,HH-49-U,3,none,upland,HH-49-U,HH-49-W,75,no,0,RBWO,a,,1,,2
06/13/2024,2024,7:45,0,HH-49-U,3,none,upland,HH-49-U,HH-49-W,75,no,0,BACS,a,,1,,1
06/13/2024,2024,7:45,0,HH-49-U,3,none,upland,HH-49-U,HH-49-W,75,no,0,BHNU,a,,2,,1
06/13/2024,2024,8:00,0,HH-07-W,4,cut-leave,upland,HH-07-W,HH-07-U,75,no,0,PIWA,a,0,1,2,2
06/13/2024,2024,8:00,0,HH-07-W,4,cut-leave,upland,HH-07-W,HH-07-U,75,no,0,EAWP,a,0,,2,3
06/13/2024,2024,8:00,0,HH-07-W,4,cut-leave,upland,HH-07-W,HH-07-U,75,no,0,NOCA,a,0,,1,2
06/13/2024,2024,8:00,0,HH-07-W,4,cut-leave,upland,HH-07-W,HH-07-U,75,no,0,CARW,a,0,1,,1
06/13/2024,2024,8:00,0,HH-07-W,4,cut-leave,upland,HH-07-W,HH-07-U,75,no,0,EATO,a,0,1,,1
06/13/2024,2024,8:00,0,HH-07-W,4,cut-leave,upland,HH-07-W,HH-07-U,75,no,0,COYE,a,0,,1,1
06/13/2024,2024,8:00,0,HH-07-W,4,cut-leave,upland,HH-07-W,HH-07-U,75,no,0,GCFL,a,0,,1,1
06/13/2024,2024,8:00,0,HH-07-W,4,cut-leave,upland,HH-07-W,HH-07-U,75,no,0,YBCH,v,1,1,,1
06/13/2024,2024,8:15,0,HH-34-W,1,control-closed,wetland,HH-34-W,HH-34-U,76,no,,COYE,a,0,1,,1
06/13/2024,2024,8:15,0,HH-34-W,1,control-closed,wetland,HH-34-W,HH-34-U,76,no,,BACS,a,0,,1,1
06/13/2024,2024,8:15,0,HH-34-W,1,control-closed,wetland,HH-34-W,HH-34-U,76,no,,BLJA,a,0,,1,1
06/13/2024,2024,8:15,0,HH-34-W,1,control-closed,wetland,HH-34-W,HH-34-U,76,no,,RBWO,a,0,1,,1
06/13/2024,2024,8:15,0,HH-34-W,1,control-closed,wetland,HH-34-W,HH-34-U,76,no,,GCFL,a,1,1,,1
06/13/2024,2024,8:15,0,HH-34-W,1,control-closed,wetland,HH-34-W,HH-34-U,76,no,,NOMO,a,0,1,,1
06/13/2024,2024,8:15,0,HH-34-W,1,control-closed,wetland,HH-34-W,HH-34-U,76,no,,EABL,v,1,3,,1
06/13/2024,2024,8:15,0,HH-34-W,1,control-closed,wetland,HH-34-W,HH-34-U,76,no,,TUTI,v,1,4,,3
06/13/2024,2024,8:35,0,HH-05-U,4,none,upland,HH-05-U,HH-05-W,76,no,0,CARW,a,,1,1,4
06/13/2024,2024,8:35,0,HH-05-U,4,none,upland,HH-05-U,HH-05-W,76,no,0,CHSP,a,,1,1,2
06/13/2024,2024,8:35,0,HH-05-U,4,none,upland,HH-05-U,HH-05-W,76,no,0,COYE,a,,1,,2
06/13/2024,2024,8:35,0,HH-05-U,4,none,upland,HH-05-U,HH-05-W,76,no,0,BACS,a,,3,,1
06/13/2024,2024,8:35,0,HH-05-U,4,none,upland,HH-05-U,HH-05-W,76,no,0,EATO,a,,,1,3
06/13/2024,2024,8:35,0,HH-05-U,4,none,upland,HH-05-U,HH-05-W,76,no,0,HOFI,a,,,1,1
06/13/2024,2024,8:35,0,HH-05-U,4,none,upland,HH-05-U,HH-05-W,76,no,0,BLJA,a,,,1,1
06/13/2024,2024,8:35,0,HH-05-U,4,none,upland,HH-05-U,HH-05-W,76,no,0,EAWP,a,,,1,1
06/13/2024,2024,8:35,0,HH-05-U,4,none,upland,HH-05-U,HH-05-W,76,no,0,BHNU,a,,1,,1
06/13/2024,2024,8:35,0,HH-05-U,4,none,upland,HH-05-U,HH-05-W,76,no,0,SUTA,a,,,1,1
06/13/2024,2024,8:35,0,HH-05-U,4,none,upland,HH-05-U,HH-05-W,76,no,0,BLGR,a,,,1,1
06/13/2024,2024,8:35,0,HH-05-U,4,none,upland,HH-05-U,HH-05-W,76,no,0,NOCA,a,,,1,1